/*
 Navicat Premium Data Transfer

 Source Server         : houen_zhu
 Source Server Type    : MySQL
 Source Server Version : 80030
 Source Host           : localhost:3306
 Source Schema         : demo_1

 Target Server Type    : MySQL
 Target Server Version : 80030
 File Encoding         : 65001

 Date: 07/12/2022 09:26:33
*/

SET NAMES utf8mb4;
SET FOREIGN_KEY_CHECKS = 0;

-- ----------------------------
-- Table structure for answer
-- ----------------------------
DROP TABLE IF EXISTS `answer`;
CREATE TABLE `answer`  (
  `id` bigint NOT NULL COMMENT '回复id',
  `u_id` int NOT NULL COMMENT '回复者id',
  `answer_content` varchar(20) CHARACTER SET utf8mb4 COLLATE utf8mb4_0900_ai_ci NOT NULL COMMENT '回复内容',
  `tq_id` bigint NOT NULL COMMENT '问题的id',
  `create_time` timestamp(0) NOT NULL DEFAULT CURRENT_TIMESTAMP(0) ON UPDATE CURRENT_TIMESTAMP(0) COMMENT '回复时间',
  `is_select` tinyint NULL DEFAULT 0 COMMENT '是否采纳 0为未采纳 1为采纳',
  `photo` varchar(255) CHARACTER SET utf8mb4 COLLATE utf8mb4_0900_ai_ci NULL DEFAULT NULL COMMENT '图片',
  PRIMARY KEY (`id`) USING BTREE,
  INDEX `u_id`(`u_id`) USING BTREE,
  INDEX `tq_id`(`tq_id`) USING BTREE,
  CONSTRAINT `answer_ibfk_2` FOREIGN KEY (`u_id`) REFERENCES `t_user` (`id`) ON DELETE RESTRICT ON UPDATE RESTRICT,
  CONSTRAINT `answer_ibfk_3` FOREIGN KEY (`tq_id`) REFERENCES `topic_question` (`quest_id`) ON DELETE RESTRICT ON UPDATE RESTRICT
) ENGINE = InnoDB CHARACTER SET = utf8mb4 COLLATE = utf8mb4_0900_ai_ci ROW_FORMAT = Dynamic;

-- ----------------------------
-- Records of answer
-- ----------------------------
INSERT INTO `answer` VALUES (1, 9, '这是回复', 1, '2022-10-28 20:07:27', 1, NULL);
INSERT INTO `answer` VALUES (1585930940295827457, 9, '这是回复的内容', 1, '2022-10-28 20:07:40', 1, NULL);
INSERT INTO `answer` VALUES (1585931154129833985, 8, '这是老师回复的内容', 1, '2022-10-28 17:47:06', 0, NULL);
INSERT INTO `answer` VALUES (1596487516727472130, 9, 'qqqq', 2, '2022-11-26 20:54:19', 0, NULL);
INSERT INTO `answer` VALUES (1597091304081350658, 9, '111', 1, '2022-11-28 12:53:34', 0, NULL);
INSERT INTO `answer` VALUES (1597149981937131522, 9, '11', 1, '2022-11-28 16:46:43', 0, NULL);
INSERT INTO `answer` VALUES (1597580330462785537, 9, '明天要吃早餐', 1594601466052608002, '2022-11-29 21:16:47', 0, NULL);
INSERT INTO `answer` VALUES (1597621747918745602, 9, '冲冲冲', 1, '2022-11-30 00:01:21', 0, NULL);
INSERT INTO `answer` VALUES (1597623429402636289, 9, '这是我的观点', 1594602291726516225, '2022-11-30 00:08:02', 0, NULL);

-- ----------------------------
-- Table structure for c_comment
-- ----------------------------
DROP TABLE IF EXISTS `c_comment`;
CREATE TABLE `c_comment`  (
  `c_id` bigint NOT NULL COMMENT '评论id',
  `c_content` longtext CHARACTER SET utf8mb4 COLLATE utf8mb4_0900_ai_ci NOT NULL COMMENT '评论内容',
  `c_data` timestamp(0) NOT NULL DEFAULT CURRENT_TIMESTAMP(0) ON UPDATE CURRENT_TIMESTAMP(0) COMMENT '评论时间',
  `info_id` bigint NOT NULL COMMENT '资讯id',
  `u_id` int NOT NULL COMMENT '评论者id',
  `role` tinyint NOT NULL COMMENT '评论者身份(教师/学生。0为教师，1为学生)',
  `c_like` int NULL DEFAULT 0 COMMENT '点赞',
  PRIMARY KEY (`c_id`) USING BTREE,
  INDEX `info_id`(`info_id`) USING BTREE,
  INDEX `u_id`(`u_id`) USING BTREE,
  CONSTRAINT `c_comment_ibfk_1` FOREIGN KEY (`info_id`) REFERENCES `information` (`info_id`) ON DELETE RESTRICT ON UPDATE RESTRICT,
  CONSTRAINT `c_comment_ibfk_2` FOREIGN KEY (`u_id`) REFERENCES `t_user` (`id`) ON DELETE RESTRICT ON UPDATE RESTRICT
) ENGINE = InnoDB CHARACTER SET = utf8mb4 COLLATE = utf8mb4_0900_ai_ci ROW_FORMAT = Dynamic;

-- ----------------------------
-- Records of c_comment
-- ----------------------------
INSERT INTO `c_comment` VALUES (1, '评论1', '2022-11-28 12:35:10', 3, 8, 0, 2);
INSERT INTO `c_comment` VALUES (2, '评论1', '2022-11-28 11:13:01', 3, 9, 1, 2);
INSERT INTO `c_comment` VALUES (3, '评论2', '2022-11-28 11:13:14', 3, 9, 1, 2);
INSERT INTO `c_comment` VALUES (4, '评论323', '2022-11-29 23:27:17', 3, 9, 1, 2);
INSERT INTO `c_comment` VALUES (1584505438595121153, '这是评论22333', '2022-11-28 11:13:15', 3, 8, 1, 3);
INSERT INTO `c_comment` VALUES (1584505627250720769, '哇，厚恩太厉害拉', '2022-11-28 11:13:16', 3, 9, 0, 3);
INSERT INTO `c_comment` VALUES (1593148578294046722, '哇，这也是评论o', '2022-11-28 11:10:48', 1584399426894585858, 17, 0, 0);
INSERT INTO `c_comment` VALUES (1593161025344159745, '哇，这也是评论o', '2022-11-26 13:06:00', 1584399426894585858, 17, 0, 0);
INSERT INTO `c_comment` VALUES (1595269904542715906, '1', '2022-11-28 11:11:44', 3, 9, 0, 1);
INSERT INTO `c_comment` VALUES (1595269962948399105, 'good', '2022-11-29 23:27:13', 3, 9, 0, 0);
INSERT INTO `c_comment` VALUES (1595278297328242690, '该吃饭了！！！', '2022-11-28 11:39:42', 1584447328056647681, 9, 0, 2);
INSERT INTO `c_comment` VALUES (1595279551072817153, '写得真棒！', '2022-11-28 11:12:50', 1584399426894585858, 9, 0, 1);
INSERT INTO `c_comment` VALUES (1595280547945631745, 'nice', '2022-11-28 11:12:49', 1584399426894585858, 9, 0, 1);
INSERT INTO `c_comment` VALUES (1595281064985874433, '真不错', '2022-11-28 11:12:51', 1584399426894585858, 9, 0, 1);
INSERT INTO `c_comment` VALUES (1595281500493041665, '哦~', '2022-11-29 23:27:09', 3, 9, 0, 1);
INSERT INTO `c_comment` VALUES (1595283648832327681, '111', '2022-11-26 13:06:00', 1584399426894585858, 9, 0, 0);
INSERT INTO `c_comment` VALUES (1595292920844636162, '冲冲冲！', '2022-11-28 10:48:35', 3, 9, 0, 0);
INSERT INTO `c_comment` VALUES (1595293101593972737, '1', '2022-11-26 13:06:00', 3, 9, 0, 0);
INSERT INTO `c_comment` VALUES (1595293236096913409, '1', '2022-11-26 13:06:00', 3, 9, 0, 0);
INSERT INTO `c_comment` VALUES (1595293262659440641, '2', '2022-11-26 13:06:00', 3, 9, 0, 0);
INSERT INTO `c_comment` VALUES (1595294048231608322, 'tt', '2022-11-26 13:06:00', 3, 9, 0, 0);
INSERT INTO `c_comment` VALUES (1595323631773405186, 'yy', '2022-11-26 13:06:00', 3, 9, 0, 0);
INSERT INTO `c_comment` VALUES (1595323813726507010, '!', '2022-11-26 13:06:00', 3, 16, 0, 0);
INSERT INTO `c_comment` VALUES (1595345691274891266, '7', '2022-11-26 13:06:00', 3, 9, 0, 0);
INSERT INTO `c_comment` VALUES (1595359941431119874, '2', '2022-11-26 13:06:00', 3, 9, 0, 0);
INSERT INTO `c_comment` VALUES (1596118969612349442, '<p>快来评论啊啊！~</p>', '2022-11-26 13:06:00', 1584399426894585858, 8, 1, 0);
INSERT INTO `c_comment` VALUES (1596120154293514242, '<p>今天天气还好?下雨哦....😁</p>', '2022-11-26 13:06:00', 1584399426894585858, 8, 1, 0);
INSERT INTO `c_comment` VALUES (1596120645182271489, '<blockquote>学好技术，走遍天下都不怕！！！😀<strong>1</strong><u><strong>2</strong></u><u><em><strong>36666</strong></em></u></blockquote>', '2022-11-26 13:06:00', 1584399426894585858, 8, 1, 0);
INSERT INTO `c_comment` VALUES (1596122035132674049, '<blockquote>终于搞完这里了，真不错~~666😎<strong>1</strong><u><strong>2</strong></u><u><em><strong>31</strong></em></u></blockquote>', '2022-11-28 11:10:57', 1584399426894585858, 8, 1, 1);
INSERT INTO `c_comment` VALUES (1596334751640367106, '<p>这里可以评论哦！</p>', '2022-11-28 11:35:38', 1584447328056647681, 8, 1, 1);
INSERT INTO `c_comment` VALUES (1596347922652508162, '<p><br></p>', '2022-11-28 11:35:38', 1584447328056647681, 8, 1, 1);
INSERT INTO `c_comment` VALUES (1596347972136906753, '<p>1111</p>', '2022-11-28 11:35:39', 1584447328056647681, 8, 1, 1);
INSERT INTO `c_comment` VALUES (1596367038968934402, '<p><span style=\"color: rgb(231, 95, 51);\">只因</span></p>', '2022-11-26 13:06:01', 1584399426894585858, 8, 1, 0);
INSERT INTO `c_comment` VALUES (1596468133087064065, '我', '2022-11-26 19:37:18', 3, 9, 0, 0);
INSERT INTO `c_comment` VALUES (1596758499442974722, '真棒', '2022-11-28 17:55:47', 1596042024132395010, 9, 0, 1);
INSERT INTO `c_comment` VALUES (1596864337625112578, 'rrr', '2022-11-27 21:51:41', 3, 9, 0, 0);
INSERT INTO `c_comment` VALUES (1597090433339678722, '123', '2022-11-28 17:55:47', 1596042024132395010, 9, 0, 1);
INSERT INTO `c_comment` VALUES (1597150064824999937, '11', '2022-11-28 17:52:41', 3, 9, 0, 1);
INSERT INTO `c_comment` VALUES (1597166560028581889, '<p>这就很棒哦！！😁😎<strong>666</strong></p>', '2022-11-28 17:52:40', 3, 8, 1, 1);
INSERT INTO `c_comment` VALUES (1597167368786862081, '<p><br></p>', '2022-11-28 17:55:49', 1596042024132395010, 8, 1, 0);
INSERT INTO `c_comment` VALUES (1597487758029545473, 'hhhh', '2022-11-29 15:08:56', 1596042024132395010, 9, 0, 0);
INSERT INTO `c_comment` VALUES (1597487808910647297, '+111', '2022-11-29 15:09:08', 1596042024132395010, 9, 0, 0);
INSERT INTO `c_comment` VALUES (1597574284851732482, 'ddd', '2022-11-29 20:52:45', 1584399426894585858, 9, 0, 0);
INSERT INTO `c_comment` VALUES (1597574590645854209, 'so sad', '2022-11-29 20:53:58', 1584447328056647681, 9, 0, 0);
INSERT INTO `c_comment` VALUES (1597591672355741698, '<p><br></p>', '2022-11-29 22:01:51', 3, 8, 1, 0);
INSERT INTO `c_comment` VALUES (1597591751707779073, '<p>了解啦！</p>', '2022-11-29 22:02:10', 3, 8, 1, 0);
INSERT INTO `c_comment` VALUES (1597595504141852674, '<p><br></p>', '2022-11-29 22:17:04', 1597595398374047746, 23, 1, 0);
INSERT INTO `c_comment` VALUES (1597595609129476097, '<p>社区康复护理</p>', '2022-11-29 22:17:29', 1597595398374047746, 23, 1, 0);
INSERT INTO `c_comment` VALUES (1597595661071736833, '<p>组织结构</p>', '2022-11-29 22:17:42', 1597595132249653250, 23, 1, 0);
INSERT INTO `c_comment` VALUES (1597595697037893634, '<p>第一</p>', '2022-11-29 22:17:50', 1597595132249653250, 23, 1, 0);
INSERT INTO `c_comment` VALUES (1597613115525226498, '<p>说得很好，下次继续~😋</p>', '2022-11-29 23:27:03', 3, 8, 1, 0);
INSERT INTO `c_comment` VALUES (1597613276070600706, '<p>很好好！</p>', '2022-11-29 23:27:41', 1597596110671724545, 8, 1, 0);
INSERT INTO `c_comment` VALUES (1597615981631561730, '<p>111</p>', '2022-11-29 23:38:26', 1597596110671724545, 8, 1, 0);
INSERT INTO `c_comment` VALUES (1597621647884607489, '加油', '2022-11-30 00:00:57', 1597596110671724545, 9, 0, 0);
INSERT INTO `c_comment` VALUES (1597623315137224705, '加油', '2022-11-30 00:07:35', 1596042024132395010, 9, 0, 0);

-- ----------------------------
-- Table structure for chapter
-- ----------------------------
DROP TABLE IF EXISTS `chapter`;
CREATE TABLE `chapter`  (
  `cha_id` bigint NOT NULL COMMENT '章节id',
  `cha_index` int NOT NULL COMMENT '章节排序序号',
  `cha_title` longtext CHARACTER SET utf8mb4 COLLATE utf8mb4_0900_ai_ci NOT NULL COMMENT '章节名称',
  `course_id` bigint NOT NULL COMMENT '课程id',
  `cha_url` varchar(100) CHARACTER SET utf8mb4 COLLATE utf8mb4_0900_ai_ci NOT NULL COMMENT '章节地址',
  `cha_time` int NOT NULL DEFAULT 0 COMMENT '章节时长(秒为单位)',
  `is_deleted` tinyint NULL DEFAULT 0 COMMENT '是否删除',
  PRIMARY KEY (`cha_id`) USING BTREE,
  INDEX `course_id`(`course_id`) USING BTREE,
  CONSTRAINT `chapter_ibfk_1` FOREIGN KEY (`course_id`) REFERENCES `cours` (`cou_id`) ON DELETE RESTRICT ON UPDATE RESTRICT
) ENGINE = InnoDB CHARACTER SET = utf8mb4 COLLATE = utf8mb4_0900_ai_ci ROW_FORMAT = Dynamic;

-- ----------------------------
-- Records of chapter
-- ----------------------------
INSERT INTO `chapter` VALUES (1, 1, '老年高血压', 1, 'www.baidu.com', 3000, 0);
INSERT INTO `chapter` VALUES (2, 12, '老年人的营养需求', 1, 'www.test.com', 1800, 1);
INSERT INTO `chapter` VALUES (3, 3, '老年护理基本原则', 1, 'weifuwujj.com', 5602, 0);
INSERT INTO `chapter` VALUES (4, 1, 'vue1', 2, 'www.vue1.com', 1000, 1);
INSERT INTO `chapter` VALUES (5, 6, '老年常见疾病的护理', 1, 'www.youyou.com', 5601, 0);
INSERT INTO `chapter` VALUES (1584078967699292162, 4, '老年糖尿病', 1, 'www.test1.com', 3600, 0);
INSERT INTO `chapter` VALUES (1584079505283276802, 8, '老年甲状腺功能减退症', 1, 'www.test03.com', 3600, 0);
INSERT INTO `chapter` VALUES (1592003292725174273, 1, 'vue2', 2, 'www.vue2.com', 3600, 1);
INSERT INTO `chapter` VALUES (1592065563937669122, 1, 'vue3', 2, 'www.vue3.com', 3600, 1);
INSERT INTO `chapter` VALUES (1592107829804912642, 1, 'vue4', 2, 'www.vue4.com', 3600, 1);
INSERT INTO `chapter` VALUES (1592108053868826626, 1, 'vue5', 2, 'www.vue5.com', 3600, 1);
INSERT INTO `chapter` VALUES (1592341213562945537, 9, '临终关怀的主要内容', 1, 'www.baicu.com', 3300, 0);
INSERT INTO `chapter` VALUES (1592343134633869314, 10, '老年甲状腺功能亢进症', 1, 'www.test02.com', 5000, 0);
INSERT INTO `chapter` VALUES (1592346195263635458, 2, '老年学和老年护理学理论', 1, 'www.wei.com', 9661, 0);
INSERT INTO `chapter` VALUES (1592365766485913602, 12, '微服务只因', 1, 'www.baidu.com', 2000, 1);
INSERT INTO `chapter` VALUES (1592386323759644673, 5, '阿尔茨海默病', 1, 'www.baidu.com', 5600, 0);
INSERT INTO `chapter` VALUES (1592386529091796993, 12, '微服务实训04', 1, 'www.laoshi.com', 3200, 1);
INSERT INTO `chapter` VALUES (1592395707952898050, 7, '老年人的代谢特点', 1, 'https://www.shixun.com', 4840, 0);
INSERT INTO `chapter` VALUES (1592482629492609026, 11, '尿失禁与尿潴留', 1, 'www.liuliu.com', 2700, 1);
INSERT INTO `chapter` VALUES (1592483025246199810, 12, '哈哈', 1, 'http://www.baidu.com', 3750, 1);
INSERT INTO `chapter` VALUES (1592520471979659265, 1, 'vue6', 2, 'www.vue6.com', 3723, 1);
INSERT INTO `chapter` VALUES (1592707296467783682, 12, '微服务008', 1, 'www.baidu.com', 3726, 1);
INSERT INTO `chapter` VALUES (1592717184484909057, 12, '微服务0066', 1, 'www.wewe.com', 7384, 1);
INSERT INTO `chapter` VALUES (1595219060686262273, 12, '微服务架构总结', 1, 'www.abc.com', 118862, 1);
INSERT INTO `chapter` VALUES (1595226936045670402, 1, '前端开发01', 2, 'www.qianduan1', 3723, 1);
INSERT INTO `chapter` VALUES (1595228428672647170, 1, '临床常用的康复治疗方法', 4, 'www.test01.com', 3600, 0);
INSERT INTO `chapter` VALUES (1595229364392468481, 4, '护士素质与行为规范', 3, 'www.cyuyan01.com', 1203, 0);
INSERT INTO `chapter` VALUES (1595229641879232514, 2, '护士与患者', 3, 'www.hdcb.com', 3660, 0);
INSERT INTO `chapter` VALUES (1595229718500777985, 6, '护理的支持性理论', 3, 'www.cyuyan02.com', 3661, 0);
INSERT INTO `chapter` VALUES (1595229831285612545, 5, '护理学的基本概念', 3, 'www.cyuyan01.com', 3723, 0);
INSERT INTO `chapter` VALUES (1595230042447847425, 1, '护理理论与模式', 3, 'www.cyuyan03.com', 1802, 0);
INSERT INTO `chapter` VALUES (1595230289244889089, 3, '护理工作中的法律问题', 3, 'www.shixun1.com', 3662, 0);
INSERT INTO `chapter` VALUES (1595230477934043138, 5, '实训02', 3, 'www.shixun02.com', 4984, 1);
INSERT INTO `chapter` VALUES (1595231070962491394, 2, '康复治疗的生理学、病理学基础', 4, 'www.test02.com', 3723, 0);
INSERT INTO `chapter` VALUES (1595232938031751170, 12, '微服务211', 1, 'www.weifuwu22com', 3661, 1);
INSERT INTO `chapter` VALUES (1595239807525756930, 1, '面部解剖01', 6, 'www.mianbu01.com', 3723, 0);
INSERT INTO `chapter` VALUES (1595239928103608322, 2, '面部解剖02', 6, 'www,mianbu02.com', 7384, 0);
INSERT INTO `chapter` VALUES (1595240043405025281, 3, '手部解剖01', 6, 'www.shoubu01.com', 3724, 0);
INSERT INTO `chapter` VALUES (1595240184664989697, 4, '手部解剖02', 6, 'www.shoubu02.com', 3842, 0);
INSERT INTO `chapter` VALUES (1595240368283230210, 5, '腿部解剖01', 6, 'www.tuibu01.com', 3723, 0);
INSERT INTO `chapter` VALUES (1595240532821581826, 6, '腿部解剖02', 6, 'www,tuibu02,com', 7442, 0);
INSERT INTO `chapter` VALUES (1595286301268131841, 1, ' 中医康复学的基础理论', 7, 'www.test2.com', 1000, 0);
INSERT INTO `chapter` VALUES (1596855973327290370, 2, '医院业务科室的设置及护理工作', 2, 'www.a1.com', 3723, 1);
INSERT INTO `chapter` VALUES (1596856103027752962, 1, '住院环境', 2, 'www.a2.com', 3784, 1);
INSERT INTO `chapter` VALUES (1596856209978310658, 1, '床单位及设施的准备', 2, 'www.a3.com', 3782, 1);
INSERT INTO `chapter` VALUES (1596856317792894977, 1, '患者入院和出院的护理', 2, 'www.a4.com', 7261, 1);
INSERT INTO `chapter` VALUES (1596856415704727553, 2, '医院感染的预防和控制第一节医院感染', 2, 'www.a5,com', 3902, 1);
INSERT INTO `chapter` VALUES (1596856522223271937, 2, '护士的职业防护', 2, 'www.a6.com', 3909, 1);
INSERT INTO `chapter` VALUES (1596856666125647873, 2, '患者的清洁卫生第一节口腔护理', 2, 'www.a7.com', 7268, 1);
INSERT INTO `chapter` VALUES (1596857458589073409, 1, '生命体征的评估和护理第一节体温的评估及护理', 2, 'www.a8.com', 3784, 1);
INSERT INTO `chapter` VALUES (1596858310204735489, 5, '呼吸系统疾病病人的护理/', 1583001105646882817, 'www.b1.com', 3722, 0);
INSERT INTO `chapter` VALUES (1596858531387179010, 2, '循环系统疾病病人的护理', 1583001105646882817, 'www.b2.com', 3663, 0);
INSERT INTO `chapter` VALUES (1596858650790625282, 7, '消化系统疾病病人的护理', 1583001105646882817, 'www.b3.com', 3846, 0);
INSERT INTO `chapter` VALUES (1596858758596820994, 1, '泌尿系统疾病病人的护理', 1583001105646882817, 'www.b4.com', 7441, 0);
INSERT INTO `chapter` VALUES (1596858862552645634, 4, '血液系统疾病病人的护理', 1583001105646882817, 'www.b5.com', 3787, 0);
INSERT INTO `chapter` VALUES (1596858967322165250, 6, '内分泌与代谢性疾病病人的护理', 1583001105646882817, 'www.b6.com', 3902, 0);
INSERT INTO `chapter` VALUES (1596859059240337409, 3, '风湿性疾病病人的护理', 1583001105646882817, 'www.b7.com', 7447, 0);
INSERT INTO `chapter` VALUES (1596859170053849090, 8, '神经系统疾病病人的护理', 1583001105646882817, 'www.b8.com', 7446, 0);
INSERT INTO `chapter` VALUES (1596859287309811713, 9, '传染病病人的护理', 1583001105646882817, 'www.b9.com', 3787, 1);
INSERT INTO `chapter` VALUES (1596859455237144578, 2, '水、电解质及酸碱平衡失调的护理', 1583701803531411457, 'www.c1.com', 3723, 0);
INSERT INTO `chapter` VALUES (1596859456080216066, 3, '外科休克的护理', 1583701803531411457, 'www.c2.com', 3723, 0);
INSERT INTO `chapter` VALUES (1596859619230253058, 1, '麻醉的护理', 1583701803531411457, 'www.c3.com', 3847, 0);
INSERT INTO `chapter` VALUES (1596859619620306946, 7, '手术室管理和工作', 1583701803531411457, 'www.c4.com', 3847, 0);
INSERT INTO `chapter` VALUES (1596859768329355265, 6, '手术前后的护理', 1583701803531411457, 'www.c5.com', 7446, 0);
INSERT INTO `chapter` VALUES (1596859876567564289, 4, '外科感染的护理', 1583701803531411457, 'www.c6.com', 3786, 0);
INSERT INTO `chapter` VALUES (1596859959874830337, 5, '创伤的护理', 1583701803531411457, 'www.c7.com', 3786, 0);
INSERT INTO `chapter` VALUES (1596860038077644802, 8, '烧伤与冷伤的护理', 1583701803531411457, 'www.c8.com', 11041, 0);
INSERT INTO `chapter` VALUES (1596860126086725633, 9, '肿瘤的护理', 1583701803531411457, 'www.c9.com', 3848, 0);
INSERT INTO `chapter` VALUES (1596860128687194113, 10, '器官移植的护理', 1583701803531411457, 'www.c10.com', 0, 1);
INSERT INTO `chapter` VALUES (1596860304772448258, 10, '器官移植的护理', 1583701803531411457, 'www.c10.com', 7441, 0);
INSERT INTO `chapter` VALUES (1596860410007535617, 11, '颅内和椎管内血管性疾病的护理', 1583701803531411457, 'www.c11.com', 7441, 0);
INSERT INTO `chapter` VALUES (1596860781937442817, 1, '内科疾病', 1588446183085522946, 'www.d1.com', 7506, 0);
INSERT INTO `chapter` VALUES (1596861000125136898, 2, '循环系统疾病', 1588446183085522946, 'www.d2.com', 3725, 0);
INSERT INTO `chapter` VALUES (1596861148297314306, 3, '消化系统疾病', 1588446183085522946, 'www.d3.com', 3847, 0);
INSERT INTO `chapter` VALUES (1596861251372335105, 4, '泌尿系统疾病', 1588446183085522946, 'www.d4.com', 18181, 0);
INSERT INTO `chapter` VALUES (1596861349737152513, 5, '内分泌和代谢疾病', 1588446183085522946, 'www.d5.com', 3788, 0);
INSERT INTO `chapter` VALUES (1596861566201004034, 6, '周围神经疾病', 1588446183085522946, 'www.d6.com', 86523, 0);
INSERT INTO `chapter` VALUES (1596861701056266242, 7, '脊髓疾病', 1588446183085522946, 'www.d7.com', 14586, 0);
INSERT INTO `chapter` VALUES (1596861808002629633, 8, '脑疾病', 1588446183085522946, 'www.d8.com', 3902, 0);
INSERT INTO `chapter` VALUES (1596861918476402690, 9, '颅内压增高症', 1588446183085522946, 'www.d9.com', 10086, 0);
INSERT INTO `chapter` VALUES (1596862055818887170, 10, ' 颅脑损伤', 1588446183085522946, 'www.d10.com', 10928, 0);
INSERT INTO `chapter` VALUES (1596862062261338114, 11, '', 1588446183085522946, '', 0, 1);
INSERT INTO `chapter` VALUES (1596863189627322370, 1, '护士仪容礼仪', 1587431879804641281, 'www.sdai.com', 7385, 0);
INSERT INTO `chapter` VALUES (1596863276424249346, 2, '护士服饰礼仪', 1587431879804641281, 'www.shio.com', 7441, 0);
INSERT INTO `chapter` VALUES (1596863377330814978, 3, '护士行为礼仪', 1587431879804641281, 'www.idsnz.com', 7446, 0);
INSERT INTO `chapter` VALUES (1596863452115255297, 4, '护士言谈礼仪', 1587431879804641281, 'www.isbd', 7687, 0);
INSERT INTO `chapter` VALUES (1596863565478903809, 5, '护士交往礼仪', 1587431879804641281, 'www.pcss.com', 7568, 0);
INSERT INTO `chapter` VALUES (1596863672442044418, 6, '护士工作礼仪', 1587431879804641281, 'www.ojcna.com', 21842, 0);
INSERT INTO `chapter` VALUES (1596863746316320770, 7, '护士求职礼仪', 1587431879804641281, 'www.icsdnhc.com', 3786, 0);
INSERT INTO `chapter` VALUES (1596863834795180033, 8, '涉外礼仪', 1587431879804641281, 'www.shewaoj.com', 43322, 0);
INSERT INTO `chapter` VALUES (1596864052534083586, 1, '女性生殖系统解剖与生理', 1587462661969494017, 'www.pso.com', 18423, 0);
INSERT INTO `chapter` VALUES (1596864135434485761, 2, '妊娠期妇女的护理', 1587462661969494017, 'www.siha.com', 7445, 0);
INSERT INTO `chapter` VALUES (1596864231639236610, 3, '分娩期妇女的护理', 1587462661969494017, 'www.isca.com', 11042, 0);
INSERT INTO `chapter` VALUES (1596864310672506882, 4, '产褥期管理', 1587462661969494017, 'www.isna', 39663, 0);
INSERT INTO `chapter` VALUES (1596864398694170625, 5, '高危妊娠管理', 1587462661969494017, 'www.isdfb.com', 21847, 0);
INSERT INTO `chapter` VALUES (1596864490624925697, 6, '妊娠期并发症妇女的护理', 1587462661969494017, 'www.osdh.com', 14521, 0);
INSERT INTO `chapter` VALUES (1596864594610110466, 7, '妊娠合并症妇女的护理', 1587462661969494017, 'www.isdc.com', 21788, 0);
INSERT INTO `chapter` VALUES (1596864709672452097, 8, '异常分娩妇女的护理', 1587462661969494017, 'www.csao.com', 14703, 0);
INSERT INTO `chapter` VALUES (1596864820058144769, 9, '产后并发症妇女的护理', 1587462661969494017, 'www.bcu.com', 11281, 0);
INSERT INTO `chapter` VALUES (1596864938589175809, 10, '女性生殖系统炎症病人的护理', 1587462661969494017, 'www.icbsja.com', 11073, 0);
INSERT INTO `chapter` VALUES (1596865128427569154, 11, '妊娠滋养细胞疾病病人的护理', 1587462661969494017, 'www.acahhch.com', 9888, 0);
INSERT INTO `chapter` VALUES (1596867450679476225, 1, '临床常见病症的康复', 1588446156078399490, 'www.lamdai.com', 14763, 0);
INSERT INTO `chapter` VALUES (1596867900334030849, 2, ' 脑血管意外的康复', 1588446156078399490, 'www.dahh.com', 14702, 0);
INSERT INTO `chapter` VALUES (1596867988879982593, 3, '颅脑损伤的康复', 1588446156078399490, 'www.usa.com', 9307, 0);
INSERT INTO `chapter` VALUES (1596868074728996865, 4, '脊髓损伤的康复', 1588446156078399490, 'www.cian.com', 7386, 0);
INSERT INTO `chapter` VALUES (1596868253423140865, 5, '周围神经损伤的康复', 1588446156078399490, 'www.iah.com', 25743, 0);
INSERT INTO `chapter` VALUES (1596868364656082946, 6, '多发性神经根炎的康复', 1588446156078399490, 'www.aihn.com', 21784, 0);
INSERT INTO `chapter` VALUES (1596869356361515009, 7, ' 老年痴呆的康复', 1588446156078399490, 'www.zih.com', 18366, 0);
INSERT INTO `chapter` VALUES (1596869453468041217, 8, '截肢后的康复', 1588446156078399490, 'www.cihs.com', 14767, 0);
INSERT INTO `chapter` VALUES (1596869535487655937, 9, '运动损伤的康复', 1588446156078399490, 'www.chas.com', 14828, 0);
INSERT INTO `chapter` VALUES (1596869633823113217, 10, '骨关节病的康复', 1588446156078399490, 'www.czh.com', 79324, 0);
INSERT INTO `chapter` VALUES (1596872367557197826, 11, '颈椎病的康复', 1588446156078399490, 'www.adhi.com', 7882, 0);
INSERT INTO `chapter` VALUES (1596872512315211778, 12, '肩周炎的康复', 1588446156078399490, 'www.chaih.com', 12175, 0);
INSERT INTO `chapter` VALUES (1596872706406629377, 13, '高血压的康复', 1588446156078399490, 'www.aoha.com', 81842, 0);
INSERT INTO `chapter` VALUES (1596872706863824898, 14, '糖尿病的康复', 1588446156078399490, 'www.aoha.com', 81842, 0);
INSERT INTO `chapter` VALUES (1597060056562671617, 3, '运动疗法', 4, 'www.chdj.com', 7446, 0);
INSERT INTO `chapter` VALUES (1597060242525528065, 4, '神经生理学疗法', 4, 'www.cdsh.com', 14822, 0);
INSERT INTO `chapter` VALUES (1597060396284518402, 5, '心理疗', 4, 'www.suc.com', 24308, 0);
INSERT INTO `chapter` VALUES (1597060486915039234, 6, '言语疗法', 4, 'www.chsn.com', 14762, 0);
INSERT INTO `chapter` VALUES (1597060585263079426, 7, '文体疗法', 4, 'www.wenti.com', 14707, 0);
INSERT INTO `chapter` VALUES (1597060664296349697, 8, '针炙疗法', 4, 'www.asd.com', 7448, 0);
INSERT INTO `chapter` VALUES (1597060753198817282, 9, '推拿疗法', 4, 'www.ghjk', 3885, 0);
INSERT INTO `chapter` VALUES (1597060754150948866, 10, '推拿疗法', 4, 'www.ghjk', 3885, 1);
INSERT INTO `chapter` VALUES (1597061278476673026, 1, '身体结构的评定', 5, 'www.hch.com', 46942, 0);
INSERT INTO `chapter` VALUES (1597061387545354242, 2, '发育的评定', 5, 'www.ahjj.com', 11107, 0);
INSERT INTO `chapter` VALUES (1597061468776439809, 3, '身体功能的评定', 5, 'www.agh.com', 5044, 0);
INSERT INTO `chapter` VALUES (1597061561499918338, 4, '活动和参与能力评定', 5, 'www.czihcn.com', 39724, 0);
INSERT INTO `chapter` VALUES (1597061649110540290, 5, '环境评定', 5, 'www.huanj.com', 76922, 0);
INSERT INTO `chapter` VALUES (1597061735009886210, 6, '生存质量评定', 5, 'www.ahio.com', 8461, 0);
INSERT INTO `chapter` VALUES (1597061822196883458, 7, '假肢和矫形器的康复评定', 5, 'www.cgah.com', 4262, 0);
INSERT INTO `chapter` VALUES (1597062560511852546, 2, ' 中医康复学的基本观点', 7, 'www.sn.com', 8523, 0);
INSERT INTO `chapter` VALUES (1597062639964553218, 3, '物理康复技术', 7, 'www.cji.com', 11047, 0);
INSERT INTO `chapter` VALUES (1597062742624337921, 4, '中医药康复疗法', 7, 'www.iah.com', 13566, 0);
INSERT INTO `chapter` VALUES (1597062861587382273, 5, '针灸康复法', 7, 'www.ain.com', 80472, 0);
INSERT INTO `chapter` VALUES (1597062942776524802, 6, '自然康复法', 7, 'www.zic.com', 14768, 0);
INSERT INTO `chapter` VALUES (1597063347770105857, 1, '急救护理学的范畴', 1588533318207578114, 'www.cankaoxiaoxi.com', 14636, 0);
INSERT INTO `chapter` VALUES (1597063452996804609, 3, '急救医疗服务体系', 1588533318207578114, 'www.wch.com', 7442, 0);
INSERT INTO `chapter` VALUES (1597063544478769153, 5, '院外救护', 1588533318207578114, 'www.yuah.com', 11046, 0);
INSERT INTO `chapter` VALUES (1597063641979559938, 4, '心肺脑复苏', 1588533318207578114, 'www.agdh.com', 7507, 0);
INSERT INTO `chapter` VALUES (1597063744194748417, 2, '儿童婴儿基础生命支持', 1588533318207578114, 'www.cia.com', 14707, 0);
INSERT INTO `chapter` VALUES (1597063831394328578, 6, '医院急诊救护', 1588533318207578114, 'www.ag.com', 14706, 0);
INSERT INTO `chapter` VALUES (1597063946486030338, 7, '重症监护', 1588533318207578114, 'www.auh.com', 14794, 0);
INSERT INTO `chapter` VALUES (1597065553210671105, 1, '人体发育学发展简史', 1588533832349569025, 'www.jiams.com', 11046, 0);
INSERT INTO `chapter` VALUES (1597065625805684738, 2, '人体发育学基本观点', 1588533832349569025, 'www.ahu.com', 14707, 0);
INSERT INTO `chapter` VALUES (1597065699243753473, 3, '研究人体发育学的意义', 1588533832349569025, 'www.ah.com', 40986, 0);
INSERT INTO `chapter` VALUES (1597065825114816513, 4, '发育理论', 1588533832349569025, 'www.auh.com', 18416, 0);
INSERT INTO `chapter` VALUES (1597065918287085569, 5, '精神分析理论', 1588533832349569025, 'www.aghj/com', 7364, 0);
INSERT INTO `chapter` VALUES (1597065988302602242, 6, '道德发育理论', 1588533832349569025, 'www.adaod.com', 9245, 0);
INSERT INTO `chapter` VALUES (1597066087506280449, 7, '生理功能发育', 1588533832349569025, 'www.ahj.com', 18427, 0);
INSERT INTO `chapter` VALUES (1597066179852271617, 8, '感觉和感知发育', 1588533832349569025, 'www.asg.com', 11045, 0);
INSERT INTO `chapter` VALUES (1597066455581597698, 1, '精神科护理的发展简史', 1588534339075993601, 'www.asguk.com', 7262, 0);
INSERT INTO `chapter` VALUES (1597066553086582786, 2, '精神科护理学及相关概念', 1588534339075993601, 'www.ha.com', 3723, 0);
INSERT INTO `chapter` VALUES (1597066621793476610, 3, ' 精神科护理学的基本任务', 1588534339075993601, 'www.jaimd.com', 7384, 0);
INSERT INTO `chapter` VALUES (1597066761384108033, 4, '精神科护理人员的素质要求', 1588534339075993601, 'www.ahic.com', 7385, 0);
INSERT INTO `chapter` VALUES (1597066845563789314, 5, '精神科相关伦理与法律问题', 1588534339075993601, 'www.ajim.com', 7446, 0);
INSERT INTO `chapter` VALUES (1597074582012067841, 1, '生长发育与健康评估', 1588446185195257858, 'www.iah.com', 7385, 0);
INSERT INTO `chapter` VALUES (1597074685095477250, 2, '住院儿童护理及家庭支持', 1588446185195257858, 'www.ashi.com', 7507, 0);
INSERT INTO `chapter` VALUES (1597074775734386690, 3, '新生儿及新生儿疾病患儿护理', 1588446185195257858, 'www.caj.com', 3766, 0);
INSERT INTO `chapter` VALUES (1597074885692260354, 4, '儿童营养及营养障碍性疾病患儿的护理', 1588446185195257858, 'www.agh.com', 9185, 0);
INSERT INTO `chapter` VALUES (1597074987089559554, 5, '消化系统疾病患儿的护理', 1588446185195257858, 'www.xiaoh.com', 3764, 0);
INSERT INTO `chapter` VALUES (1597075065191694338, 6, '呼吸系统疾病患儿的护理', 1588446185195257858, 'www.afgh.com', 45185, 0);
INSERT INTO `chapter` VALUES (1597075150231207937, 7, '循环系统疾病患儿护理', 1588446185195257858, 'www.agh.com', 43862, 0);
INSERT INTO `chapter` VALUES (1597075244301058049, 8, '泌尿系统疾病患儿的护理', 1588446185195257858, 'www.sgh.com', 45184, 0);
INSERT INTO `chapter` VALUES (1597075325049798658, 9, '血液系统疾病患儿的护理', 1588446185195257858, 'www.agh.com', 3754, 0);
INSERT INTO `chapter` VALUES (1597075626137911297, 1, '精神科护理的发展简史', 1588717517262774273, 'www.gjjj.com', 44523, 0);
INSERT INTO `chapter` VALUES (1597075717590515714, 2, '精神科护理学及相关概念', 1588717517262774273, 'www.ahu.com', 4924, 0);
INSERT INTO `chapter` VALUES (1597075801367543809, 3, ' 精神科护理学的基本任务', 1588717517262774273, 'www.agh.com', 7414, 0);
INSERT INTO `chapter` VALUES (1597075894107799553, 4, '精神科护理人员的素质要求', 1588717517262774273, 'www.huh.com', 164645, 0);
INSERT INTO `chapter` VALUES (1597075995907751938, 5, '精神科相关伦理与法律问题', 1588717517262774273, 'www.ah.com', 4923, 0);
INSERT INTO `chapter` VALUES (1597076312015667202, 1, '医学心理学与医学模式的转变', 1589595211538001921, 'www.hua.com', 3724, 0);
INSERT INTO `chapter` VALUES (1597076418957836290, 2, '医学心理学主要学派的理念观点', 1589595211538001921, 'www.agh.com', 9245, 0);
INSERT INTO `chapter` VALUES (1597076543499304962, 3, '心理学基础知识', 1589595211538001921, 'www.csj.com', 5584, 0);
INSERT INTO `chapter` VALUES (1597076546515009537, 4, '', 1589595211538001921, '', 0, 1);
INSERT INTO `chapter` VALUES (1597076677511487490, 4, '心理的实质', 1589595211538001921, 'www.hcua.com', 11073, 0);
INSERT INTO `chapter` VALUES (1597076777163956225, 5, '心理学研究的任务', 1589595211538001921, 'www.ahh.com', 43413, 0);
INSERT INTO `chapter` VALUES (1597076887105052674, 6, '个性的形成和影响因素', 1589595211538001921, 'www.hahh.com', 13446, 0);
INSERT INTO `chapter` VALUES (1597144264735883265, 1, '病因学', 1589595282551762945, 'www.ahi.com', 13385, 0);
INSERT INTO `chapter` VALUES (1597144265981566978, 2, '病因学', 1589595282551762945, 'www.ahi.com', 13385, 1);
INSERT INTO `chapter` VALUES (1597144377168396289, 2, ' 发病学', 1589595282551762945, 'www.saha.com', 4986, 0);
INSERT INTO `chapter` VALUES (1597144745247932417, 3, '局部血液循环障碍', 1589595282551762945, 'www.jin.com', 7445, 0);
INSERT INTO `chapter` VALUES (1597144811807342593, 4, ' 梗死', 1589595282551762945, 'www.ajha.com', 11045, 0);
INSERT INTO `chapter` VALUES (1597144884834369538, 5, '钾代谢紊乱', 1589595282551762945, 'www.jaid.com', 39845, 0);
INSERT INTO `chapter` VALUES (1597145355993096194, 6, '炎症', 1589595282551762945, 'www.ihaa.com', 14767, 0);
INSERT INTO `chapter` VALUES (1597145437576503297, 7, '酸碱平衡紊乱', 1589595282551762945, 'www.audna.com', 9908, 0);
INSERT INTO `chapter` VALUES (1597145441460428802, 8, '', 1589595282551762945, '', 0, 1);
INSERT INTO `chapter` VALUES (1597145605940084737, 1, '自主神经系统药理学', 1589595321772699650, 'www.ziz.com', 9907, 0);
INSERT INTO `chapter` VALUES (1597145673799729154, 2, '中枢神经系统药理学', 1589595321772699650, 'www.aiaii.com', 9185, 0);
INSERT INTO `chapter` VALUES (1597145777310957569, 3, '心血管系统药理学', 1589595321772699650, 'www.aiaiooo.com', 17782, 0);
INSERT INTO `chapter` VALUES (1597145966373404674, 4, '内脏系统药理学及抗组胺药', 1589595321772699650, 'www.neiz.com', 9186, 0);
INSERT INTO `chapter` VALUES (1597146106735788033, 5, '抗骨质疏松药与内分泌系统药理学', 1589595321772699650, 'www.jajaj.com', 14806, 0);
INSERT INTO `chapter` VALUES (1597146177174929410, 6, ' 化学治疗药物', 1589595321772699650, 'www.huas.com', 9186, 0);
INSERT INTO `chapter` VALUES (1597146251904843778, 7, ' 免疫调节药与基因治疗药物', 1589595321772699650, 'www.ajaj.com', 6296, 0);
INSERT INTO `chapter` VALUES (1597146420687806466, 1, ' 运动系统', 1591430439034351618, 'www.yund.com', 7507, 0);
INSERT INTO `chapter` VALUES (1597146556830720001, 2, '内脏学', 1591430439034351618, 'www.neiz.com', 5764, 0);
INSERT INTO `chapter` VALUES (1597146563277365250, 3, '', 1591430439034351618, '', 0, 1);
INSERT INTO `chapter` VALUES (1597146658618089473, 3, '脉管系统', 1591430439034351618, 'www.ahah.com', 5588, 0);
INSERT INTO `chapter` VALUES (1597146746677501953, 4, '感觉器', 1591430439034351618, 'www.hhapo.com', 7446, 0);
INSERT INTO `chapter` VALUES (1597146838159466498, 5, '神经系统与内分泌系统', 1591430439034351618, 'www.shnj.com', 4991, 0);
INSERT INTO `chapter` VALUES (1597147093714239489, 1, '人体发育学基本概念', 1591439150121414657, 'www.fayu.com', 5585, 0);
INSERT INTO `chapter` VALUES (1597147170151235586, 2, '人体发育学基本概念', 1591439150121414657, 'www.hajak.com', 9185, 0);
INSERT INTO `chapter` VALUES (1597147241026584577, 3, '人体发育学发展简史', 1591439150121414657, 'www.ca.com', 10507, 0);
INSERT INTO `chapter` VALUES (1597147389630775297, 4, '人体发育学基本观点', 1591439150121414657, 'www.jiand.com', 6907, 0);
INSERT INTO `chapter` VALUES (1597147459633709058, 5, '认知发育理论', 1591439150121414657, 'www.renz.com', 5707, 0);
INSERT INTO `chapter` VALUES (1597147551111479297, 6, '道德发育理论', 1591439150121414657, 'www.coa.com', 5704, 0);
INSERT INTO `chapter` VALUES (1597147617691860994, 7, '运动发育', 1591439150121414657, 'www.ya8.com', 18488, 0);
INSERT INTO `chapter` VALUES (1597147682124734465, 8, '言语发育', 1591439150121414657, 'wwww.yanyyu.com', 14108, 0);
INSERT INTO `chapter` VALUES (1597147929492201473, 1, '住院病人营养不良现状', 1591439185768804353, 'www.zhuya.com', 14106, 0);
INSERT INTO `chapter` VALUES (1597148008089288706, 2, '营养评价内容及方法', 1591439185768804353, 'www.aja.com', 14768, 0);
INSERT INTO `chapter` VALUES (1597148077676986369, 3, '复合型营养评定方法', 1591439185768804353, 'www.aia.com', 14107, 0);
INSERT INTO `chapter` VALUES (1597148137378709505, 4, ' 营养缺乏病', 1591439185768804353, 'www.yin.com', 11108, 0);
INSERT INTO `chapter` VALUES (1597148230148325377, 5, '流行病学', 1591439185768804353, 'www.liax.com', 15727, 0);
INSERT INTO `chapter` VALUES (1597148365443989505, 6, '蛋白质能量营养不良', 1591439185768804353, 'www.ciin.com', 13446, 0);
INSERT INTO `chapter` VALUES (1597148466367307778, 7, '维生素缺乏病', 1591439185768804353, 'www.uajn.com', 5585, 0);
INSERT INTO `chapter` VALUES (1597148563427696641, 8, ' 营养与代谢综合征', 1591439185768804353, 'www.cijn.com', 14793, 0);
INSERT INTO `chapter` VALUES (1597148644612669442, 9, ' 营养与心血管疾病', 1591439185768804353, 'www.dahj.com', 5587, 0);
INSERT INTO `chapter` VALUES (1597148645032075266, 10, ' 营养与心血管疾病', 1591439185768804353, 'www.dahj.com', 5587, 1);
INSERT INTO `chapter` VALUES (1597148779904114690, 10, '营养与糖尿病', 1591439185768804353, 'www.tannn.com', 81185, 0);
INSERT INTO `chapter` VALUES (1597608884432998402, 1, '护理防护01', 2, 'www.huli.com', 123, 1);
INSERT INTO `chapter` VALUES (1597610384366440449, 3, '1', 2, 'www.a2.com', 7384, 1);
INSERT INTO `chapter` VALUES (1597610684280123394, 1, '111', 2, '111', 8521, 1);
INSERT INTO `chapter` VALUES (1597610729331142658, 2, '1', 2, '3', 1, 1);
INSERT INTO `chapter` VALUES (1597610948152176642, 1, '2', 1591673537748426754, '22', 7322, 1);
INSERT INTO `chapter` VALUES (1597610973322194946, 2, '3', 1591673537748426754, '3', 10983, 1);
INSERT INTO `chapter` VALUES (1597611092222349313, 1, '1', 2, '1', 3723, 1);
INSERT INTO `chapter` VALUES (1597611118193479681, 2, '2', 2, '3', 14644, 1);
INSERT INTO `chapter` VALUES (1597612500254396418, 9, '1', 1583001105646882817, '1', 3723, 1);

-- ----------------------------
-- Table structure for class
-- ----------------------------
DROP TABLE IF EXISTS `class`;
CREATE TABLE `class`  (
  `class_id` bigint NOT NULL DEFAULT 0 COMMENT '班级id(雪花id)',
  `class_name` varchar(15) CHARACTER SET utf8mb4 COLLATE utf8mb4_0900_ai_ci NOT NULL COMMENT '班级名称',
  `class_student_num` int NOT NULL DEFAULT 0 COMMENT '班级人数',
  `deleted` tinyint NULL DEFAULT 0 COMMENT '是否删除',
  `tea_id` int NOT NULL COMMENT '教师id',
  `create_time` timestamp(0) NOT NULL DEFAULT CURRENT_TIMESTAMP(0) ON UPDATE CURRENT_TIMESTAMP(0) COMMENT '创建时间',
  PRIMARY KEY (`class_id`) USING BTREE,
  INDEX `tea_id`(`tea_id`) USING BTREE,
  CONSTRAINT `class_ibfk_1` FOREIGN KEY (`tea_id`) REFERENCES `t_user` (`id`) ON DELETE RESTRICT ON UPDATE RESTRICT
) ENGINE = InnoDB CHARACTER SET = utf8mb4 COLLATE = utf8mb4_0900_ai_ci ROW_FORMAT = Dynamic;

-- ----------------------------
-- Records of class
-- ----------------------------
INSERT INTO `class` VALUES (1, '护理1班', 11, 0, 8, '2022-11-29 23:22:34');
INSERT INTO `class` VALUES (2, '护理2班', 9, 0, 8, '2022-11-29 22:50:27');
INSERT INTO `class` VALUES (3, '康复1班', 3, 0, 23, '2022-11-28 11:27:45');
INSERT INTO `class` VALUES (4, '康复2班', 3, 0, 23, '2022-11-28 11:28:02');
INSERT INTO `class` VALUES (5, '测试201', 0, 1, 23, '2022-11-22 22:33:26');
INSERT INTO `class` VALUES (6, '只因1', 0, 1, 23, '2022-11-22 22:56:13');
INSERT INTO `class` VALUES (1581237057993490433, '康复3班', 3, 0, 23, '2022-11-28 11:28:22');
INSERT INTO `class` VALUES (1581238380545622017, '临床1班', 3, 0, 8, '2022-11-28 11:39:54');
INSERT INTO `class` VALUES (1584010324223414274, '临床2班', 2, 0, 8, '2022-11-28 11:40:03');
INSERT INTO `class` VALUES (1584010385422503938, '护理3班', 0, 0, 8, '2022-11-28 11:39:04');
INSERT INTO `class` VALUES (1584011352318627841, '护理4班', 0, 0, 8, '2022-11-28 11:39:11');
INSERT INTO `class` VALUES (1584044434929160193, '护理6班', 0, 0, 8, '2022-11-29 23:06:06');
INSERT INTO `class` VALUES (1584053969240657921, '老年10班', 0, 0, 8, '2022-11-29 23:20:50');
INSERT INTO `class` VALUES (1584054413169987586, '老年2班', 0, 0, 8, '2022-11-28 11:42:07');
INSERT INTO `class` VALUES (1584054871397699585, '老年3班', 0, 0, 8, '2022-11-28 11:42:17');
INSERT INTO `class` VALUES (1584054996492816386, '老年4班', 0, 0, 8, '2022-11-28 11:42:26');
INSERT INTO `class` VALUES (1584465588764483585, '老年5班', 0, 0, 8, '2022-11-28 11:42:39');
INSERT INTO `class` VALUES (1585493585445425154, '妇产科1班', 0, 0, 8, '2022-11-28 11:43:07');
INSERT INTO `class` VALUES (1585543726005100546, '妇产科2班', 0, 0, 8, '2022-11-28 11:43:16');
INSERT INTO `class` VALUES (1585549765454790658, '妇产科3班', 0, 0, 8, '2022-11-28 11:43:28');
INSERT INTO `class` VALUES (1585862599497625602, '只因', 0, 1, 8, '2022-10-28 23:02:04');
INSERT INTO `class` VALUES (1585948607417327618, '护理112', 0, 1, 8, '2022-11-22 22:33:41');
INSERT INTO `class` VALUES (1585952857035841538, '妇产科4班', 0, 0, 8, '2022-11-28 11:43:36');
INSERT INTO `class` VALUES (1585968313587109889, '智能211', 0, 1, 8, '2022-10-28 23:04:52');
INSERT INTO `class` VALUES (1586008013513330690, '软件333', 0, 1, 8, '2022-10-28 23:02:13');
INSERT INTO `class` VALUES (1586008218837094402, '妇产科5班', 0, 0, 8, '2022-11-28 11:43:46');
INSERT INTO `class` VALUES (1586008385199968257, '科技213', 0, 1, 8, '2022-10-28 23:03:16');
INSERT INTO `class` VALUES (1586008462953975810, '太极211', 0, 1, 8, '2022-10-28 23:03:03');
INSERT INTO `class` VALUES (1586010049147473921, '信息211', 0, 1, 8, '2022-10-28 23:03:13');
INSERT INTO `class` VALUES (1586010365301526530, '', 0, 1, 8, '2022-10-29 10:51:02');
INSERT INTO `class` VALUES (1586010594906116098, '儿科110班', 0, 0, 8, '2022-11-29 22:49:13');
INSERT INTO `class` VALUES (1586011179810197506, '儿科2班', 0, 0, 8, '2022-11-28 11:40:41');
INSERT INTO `class` VALUES (1586193465683881986, '', 0, 1, 8, '2022-10-29 14:25:17');
INSERT INTO `class` VALUES (1586194243836325889, '儿科3班', 0, 0, 8, '2022-11-28 11:40:48');
INSERT INTO `class` VALUES (1586194839410716674, '', 0, 1, 8, '2022-10-29 14:26:49');
INSERT INTO `class` VALUES (1586200499955314690, '', 0, 1, 8, '2022-10-29 14:26:46');
INSERT INTO `class` VALUES (1586218626961256449, '超级211', 0, 1, 8, '2022-10-29 14:51:37');
INSERT INTO `class` VALUES (1586218677917855746, '无敌985', 0, 1, 8, '2022-11-22 22:34:01');
INSERT INTO `class` VALUES (1586220089611530241, '儿科4班', 0, 0, 8, '2022-11-28 11:40:57');
INSERT INTO `class` VALUES (1586224182212046849, '学习211', 0, 1, 8, '2022-10-29 13:26:54');
INSERT INTO `class` VALUES (1586228023385010177, '感情211', 0, 1, 8, '2022-10-29 13:26:52');
INSERT INTO `class` VALUES (1586228144508121090, '儿科5班', 0, 0, 8, '2022-11-28 11:41:02');
INSERT INTO `class` VALUES (1586259846597062657, '心理1班', 0, 0, 8, '2022-11-28 11:35:11');
INSERT INTO `class` VALUES (1586259985189449729, '心理2班', 0, 0, 8, '2022-11-28 11:35:20');
INSERT INTO `class` VALUES (1586262105632419841, '土 木 2   1 1', 0, 1, 8, '2022-10-31 15:08:57');
INSERT INTO `class` VALUES (1586262201535180801, '', 0, 1, 8, '2022-10-29 19:32:24');
INSERT INTO `class` VALUES (1586265720027754498, '', 0, 1, 8, '2022-10-29 19:32:22');
INSERT INTO `class` VALUES (1586319988176850946, '心理3班', 0, 0, 8, '2022-11-28 11:35:28');
INSERT INTO `class` VALUES (1586326701307203585, '', 0, 1, 8, '2022-10-30 10:04:25');
INSERT INTO `class` VALUES (1586366226590994433, '', 0, 1, 8, '2022-10-29 22:38:00');
INSERT INTO `class` VALUES (1586366249575780353, '012313', 0, 1, 8, '2022-10-31 15:08:54');
INSERT INTO `class` VALUES (1586366277778280450, '', 0, 1, 8, '2022-10-29 22:36:13');
INSERT INTO `class` VALUES (1586366604611031041, '', 0, 1, 8, '2022-10-29 22:37:38');
INSERT INTO `class` VALUES (1586378515163516930, '434343', 0, 1, 8, '2022-10-31 15:08:52');
INSERT INTO `class` VALUES (1586379056274870274, '', 0, 1, 8, '2022-10-30 10:04:21');
INSERT INTO `class` VALUES (1586379945907720194, '', 0, 1, 8, '2022-10-30 10:04:19');
INSERT INTO `class` VALUES (1586539027146903553, '心理4班', 0, 0, 8, '2022-11-28 11:35:36');
INSERT INTO `class` VALUES (1586539381515259906, '123123123', 0, 1, 8, '2022-10-30 10:04:16');
INSERT INTO `class` VALUES (1586543674523815937, '23424', 0, 1, 8, '2022-10-30 11:14:18');
INSERT INTO `class` VALUES (1586544699376832514, '123213', 0, 1, 8, '2022-10-30 11:14:16');
INSERT INTO `class` VALUES (1586546123716333570, '1232', 0, 1, 8, '2022-10-30 11:14:15');
INSERT INTO `class` VALUES (1586983671085350913, '计算211', 0, 1, 8, '2022-10-31 15:29:34');
INSERT INTO `class` VALUES (1587419504250597378, '心理5班', 0, 0, 8, '2022-11-28 11:35:46');
INSERT INTO `class` VALUES (1587678400819179521, '科技277', 0, 1, 8, '2022-11-03 13:24:18');
INSERT INTO `class` VALUES (1588039421954019329, '营养1班', 0, 0, 8, '2022-11-28 11:36:03');
INSERT INTO `class` VALUES (1588040262387683329, '营养2班', 0, 0, 8, '2022-11-28 11:36:12');
INSERT INTO `class` VALUES (1588069334425681922, '美术210', 0, 1, 8, '2022-11-07 11:05:37');
INSERT INTO `class` VALUES (1588718708843507714, '武术211', 0, 1, 8, '2022-11-05 10:24:43');
INSERT INTO `class` VALUES (1589454084616953858, '英语211', 0, 1, 8, '2022-11-14 15:10:26');
INSERT INTO `class` VALUES (1595006421372657666, '软件202', 0, 1, 8, '2022-11-22 19:02:55');
INSERT INTO `class` VALUES (1595016398514577409, '营养3班', 0, 0, 8, '2022-11-28 11:36:20');
INSERT INTO `class` VALUES (1595016413538574338, '营养4班', 0, 0, 8, '2022-11-28 11:36:29');
INSERT INTO `class` VALUES (1595016423147724802, '英语211', 0, 1, 8, '2022-11-22 21:09:25');
INSERT INTO `class` VALUES (1595016432379387906, '英语218', 0, 1, 8, '2022-11-22 21:09:17');
INSERT INTO `class` VALUES (1595016445276872705, '营养5班', 0, 1, 8, '2022-11-29 23:21:43');
INSERT INTO `class` VALUES (1595019619115098114, '英语211', 0, 1, 8, '2022-11-22 22:56:53');
INSERT INTO `class` VALUES (1595019824325615617, '软件202', 0, 1, 8, '2022-11-22 21:11:06');
INSERT INTO `class` VALUES (1595030824812634114, '英语211', 0, 1, 8, '2022-11-22 20:56:16');
INSERT INTO `class` VALUES (1595032588026650626, '英语211', 0, 1, 8, '2022-11-22 20:53:25');
INSERT INTO `class` VALUES (1595035958577815553, '英语213', 0, 1, 8, '2022-11-22 20:49:44');
INSERT INTO `class` VALUES (1595042692103073794, '数据203', 0, 1, 8, '2022-11-22 21:13:11');
INSERT INTO `class` VALUES (1595043338227216385, '数据203', 0, 1, 8, '2022-11-22 21:15:46');
INSERT INTO `class` VALUES (1595054126451060738, '数据203', 0, 1, 8, '2022-11-22 21:58:37');
INSERT INTO `class` VALUES (1595054389324869633, '大数据203', 0, 1, 8, '2022-11-22 21:59:41');
INSERT INTO `class` VALUES (1595056086084415490, '大数据203', 0, 1, 8, '2022-11-22 22:06:24');
INSERT INTO `class` VALUES (1595056519322464258, '大数据203', 0, 1, 8, '2022-11-22 22:08:17');
INSERT INTO `class` VALUES (1595059931833364482, '大数据203', 0, 1, 8, '2022-11-22 22:21:41');
INSERT INTO `class` VALUES (1595068866808152065, '英语211', 0, 1, 8, '2022-11-24 10:22:48');
INSERT INTO `class` VALUES (1595068878854193154, '英语211', 0, 1, 8, '2022-11-24 10:22:45');
INSERT INTO `class` VALUES (1595068893077078017, '英语211', 0, 1, 8, '2022-11-22 22:57:41');
INSERT INTO `class` VALUES (1595068917894774786, '英语211', 0, 1, 8, '2022-11-22 22:57:39');
INSERT INTO `class` VALUES (1595068926207885313, '英语211', 0, 1, 8, '2022-11-22 22:57:35');
INSERT INTO `class` VALUES (1595068934743293954, '英语211', 0, 1, 8, '2022-11-22 22:57:33');
INSERT INTO `class` VALUES (1597560084725190657, '康复211班', 0, 1, 8, '2022-11-29 19:57:16');
INSERT INTO `class` VALUES (1597562502259019778, '治疗11班', 0, 1, 8, '2022-11-29 22:40:53');
INSERT INTO `class` VALUES (1597601418236268546, '康复7班', 0, 1, 8, '2022-11-29 22:40:46');
INSERT INTO `class` VALUES (1597603653007577089, '儿科211', 0, 1, 8, '2022-11-29 22:49:36');
INSERT INTO `class` VALUES (1597607883822993409, '护理7班', 0, 1, 8, '2022-11-29 23:06:32');
INSERT INTO `class` VALUES (1597611606611808258, '老年7班', 0, 1, 8, '2022-11-29 23:21:13');

-- ----------------------------
-- Table structure for comment_like
-- ----------------------------
DROP TABLE IF EXISTS `comment_like`;
CREATE TABLE `comment_like`  (
  `id` int NOT NULL AUTO_INCREMENT COMMENT 'id',
  `user_id` int NOT NULL COMMENT '用户id',
  `comment_id` bigint NOT NULL COMMENT '评论id',
  `is_like` tinyint NULL DEFAULT NULL COMMENT '是否点赞 0未点赞 1已点赞',
  PRIMARY KEY (`id`) USING BTREE
) ENGINE = InnoDB AUTO_INCREMENT = 37 CHARACTER SET = utf8mb4 COLLATE = utf8mb4_0900_ai_ci ROW_FORMAT = Dynamic;

-- ----------------------------
-- Records of comment_like
-- ----------------------------
INSERT INTO `comment_like` VALUES (5, 8, 1, 1);
INSERT INTO `comment_like` VALUES (6, 8, 2, 1);
INSERT INTO `comment_like` VALUES (7, 8, 3, 1);
INSERT INTO `comment_like` VALUES (8, 8, 4, 0);
INSERT INTO `comment_like` VALUES (9, 8, 1584505438595121153, 1);
INSERT INTO `comment_like` VALUES (10, 8, 1584505627250720769, 1);
INSERT INTO `comment_like` VALUES (11, 8, 1595269904542715906, 1);
INSERT INTO `comment_like` VALUES (12, 8, 1595269962948399105, 0);
INSERT INTO `comment_like` VALUES (13, 8, 1595281500493041665, 1);
INSERT INTO `comment_like` VALUES (14, 8, 1595292920844636162, 0);
INSERT INTO `comment_like` VALUES (15, 8, 1593148578294046722, 0);
INSERT INTO `comment_like` VALUES (16, 8, 1596122035132674049, 1);
INSERT INTO `comment_like` VALUES (17, 9, 1584505627250720769, 1);
INSERT INTO `comment_like` VALUES (18, 9, 1584505438595121153, 1);
INSERT INTO `comment_like` VALUES (19, 9, 4, 1);
INSERT INTO `comment_like` VALUES (20, 9, 1595280547945631745, 1);
INSERT INTO `comment_like` VALUES (21, 9, 1595279551072817153, 1);
INSERT INTO `comment_like` VALUES (22, 9, 1595281064985874433, 1);
INSERT INTO `comment_like` VALUES (23, 23, 1, 1);
INSERT INTO `comment_like` VALUES (24, 23, 2, 1);
INSERT INTO `comment_like` VALUES (25, 23, 3, 1);
INSERT INTO `comment_like` VALUES (26, 23, 4, 1);
INSERT INTO `comment_like` VALUES (27, 23, 1584505438595121153, 1);
INSERT INTO `comment_like` VALUES (28, 23, 1584505627250720769, 1);
INSERT INTO `comment_like` VALUES (29, 23, 1595278297328242690, 1);
INSERT INTO `comment_like` VALUES (30, 23, 1596334751640367106, 1);
INSERT INTO `comment_like` VALUES (31, 23, 1596347922652508162, 1);
INSERT INTO `comment_like` VALUES (32, 23, 1596347972136906753, 1);
INSERT INTO `comment_like` VALUES (33, 8, 1595278297328242690, 1);
INSERT INTO `comment_like` VALUES (34, 8, 1597166560028581889, 1);
INSERT INTO `comment_like` VALUES (35, 8, 1597150064824999937, 1);
INSERT INTO `comment_like` VALUES (36, 8, 1596758499442974722, 1);
INSERT INTO `comment_like` VALUES (37, 8, 1597090433339678722, 1);

-- ----------------------------
-- Table structure for cou_class
-- ----------------------------
DROP TABLE IF EXISTS `cou_class`;
CREATE TABLE `cou_class`  (
  `id` int NOT NULL AUTO_INCREMENT COMMENT 'id',
  `cou_id` bigint NOT NULL COMMENT '课程id',
  `class_id` bigint NOT NULL COMMENT '班级id',
  `join_date` timestamp(0) NULL DEFAULT CURRENT_TIMESTAMP(0) ON UPDATE CURRENT_TIMESTAMP(0) COMMENT '加入时间',
  PRIMARY KEY (`id`) USING BTREE,
  INDEX `cou_id`(`cou_id`) USING BTREE,
  INDEX `class_id`(`class_id`) USING BTREE,
  CONSTRAINT `cou_class_ibfk_1` FOREIGN KEY (`cou_id`) REFERENCES `cours` (`cou_id`) ON DELETE RESTRICT ON UPDATE RESTRICT,
  CONSTRAINT `cou_class_ibfk_2` FOREIGN KEY (`class_id`) REFERENCES `class` (`class_id`) ON DELETE RESTRICT ON UPDATE RESTRICT
) ENGINE = InnoDB AUTO_INCREMENT = 156 CHARACTER SET = utf8mb4 COLLATE = utf8mb4_0900_ai_ci ROW_FORMAT = Dynamic;

-- ----------------------------
-- Records of cou_class
-- ----------------------------
INSERT INTO `cou_class` VALUES (98, 1, 1, '2022-11-28 10:41:01');
INSERT INTO `cou_class` VALUES (99, 2, 1, '2022-11-28 10:41:01');
INSERT INTO `cou_class` VALUES (100, 1583001105646882817, 1, '2022-11-28 10:41:01');
INSERT INTO `cou_class` VALUES (102, 1583701803531411457, 2, '2022-11-28 10:42:19');
INSERT INTO `cou_class` VALUES (103, 1587462661969494017, 2, '2022-11-28 10:42:19');
INSERT INTO `cou_class` VALUES (104, 1588446185195257858, 2, '2022-11-28 10:42:19');
INSERT INTO `cou_class` VALUES (108, 3, 3, '2022-11-28 11:25:27');
INSERT INTO `cou_class` VALUES (109, 4, 3, '2022-11-28 11:25:27');
INSERT INTO `cou_class` VALUES (110, 5, 3, '2022-11-28 11:25:27');
INSERT INTO `cou_class` VALUES (111, 6, 4, '2022-11-28 11:25:48');
INSERT INTO `cou_class` VALUES (112, 7, 4, '2022-11-28 11:25:48');
INSERT INTO `cou_class` VALUES (113, 1588533318207578114, 4, '2022-11-28 11:25:48');
INSERT INTO `cou_class` VALUES (114, 1588533832349569025, 1581237057993490433, '2022-11-28 11:26:24');
INSERT INTO `cou_class` VALUES (115, 1588534339075993601, 1581237057993490433, '2022-11-28 11:26:24');
INSERT INTO `cou_class` VALUES (116, 1588537204855250946, 1581237057993490433, '2022-11-28 11:26:24');
INSERT INTO `cou_class` VALUES (117, 1589595282551762945, 1581238380545622017, '2022-11-28 11:29:47');
INSERT INTO `cou_class` VALUES (118, 1589595321772699650, 1581238380545622017, '2022-11-28 11:29:47');
INSERT INTO `cou_class` VALUES (119, 1591439150121414657, 1581238380545622017, '2022-11-28 11:29:47');
INSERT INTO `cou_class` VALUES (120, 1591439185768804353, 1584010324223414274, '2022-11-28 11:30:48');
INSERT INTO `cou_class` VALUES (121, 1591439150121414657, 1584010324223414274, '2022-11-28 11:30:48');
INSERT INTO `cou_class` VALUES (122, 1591430439034351618, 1584010324223414274, '2022-11-28 11:30:48');
INSERT INTO `cou_class` VALUES (123, 1, 1584010385422503938, '2022-11-28 11:37:07');
INSERT INTO `cou_class` VALUES (124, 2, 1584010385422503938, '2022-11-28 11:37:07');
INSERT INTO `cou_class` VALUES (125, 1583001105646882817, 1584010385422503938, '2022-11-28 11:37:07');
INSERT INTO `cou_class` VALUES (126, 1587462661969494017, 1584011352318627841, '2022-11-28 11:37:31');
INSERT INTO `cou_class` VALUES (127, 1588446156078399490, 1584011352318627841, '2022-11-28 11:37:31');
INSERT INTO `cou_class` VALUES (128, 1588446183085522946, 1584011352318627841, '2022-11-28 11:37:31');
INSERT INTO `cou_class` VALUES (129, 1588537204855250946, 1584044434929160193, '2022-11-28 11:37:49');
INSERT INTO `cou_class` VALUES (130, 1588540672370200578, 1584044434929160193, '2022-11-28 11:37:49');
INSERT INTO `cou_class` VALUES (131, 1588542523475906561, 1584044434929160193, '2022-11-28 11:37:49');
INSERT INTO `cou_class` VALUES (132, 1, 1584053969240657921, '2022-11-28 16:58:53');
INSERT INTO `cou_class` VALUES (133, 1588446156078399490, 1584053969240657921, '2022-11-28 16:58:53');
INSERT INTO `cou_class` VALUES (134, 1588540672370200578, 1584053969240657921, '2022-11-28 16:58:53');
INSERT INTO `cou_class` VALUES (135, 2, 1584054413169987586, '2022-11-28 16:59:16');
INSERT INTO `cou_class` VALUES (136, 3, 1584054413169987586, '2022-11-28 16:59:16');
INSERT INTO `cou_class` VALUES (137, 1588537204855250946, 1584054413169987586, '2022-11-28 16:59:16');
INSERT INTO `cou_class` VALUES (138, 1588446185195257858, 1584054871397699585, '2022-11-28 17:00:00');
INSERT INTO `cou_class` VALUES (139, 1588533318207578114, 1584054871397699585, '2022-11-28 17:00:00');
INSERT INTO `cou_class` VALUES (140, 1588534339075993601, 1584054871397699585, '2022-11-28 17:00:00');
INSERT INTO `cou_class` VALUES (141, 3, 1, '2022-11-29 19:57:45');
INSERT INTO `cou_class` VALUES (146, 1, 1588039421954019329, '2022-11-29 22:49:50');
INSERT INTO `cou_class` VALUES (147, 2, 1588039421954019329, '2022-11-29 22:49:50');
INSERT INTO `cou_class` VALUES (149, 4, 1, '2022-11-29 23:07:05');
INSERT INTO `cou_class` VALUES (152, 5, 1, '2022-11-29 23:22:02');
INSERT INTO `cou_class` VALUES (153, 6, 1, '2022-11-29 23:22:02');
INSERT INTO `cou_class` VALUES (154, 7, 1, '2022-11-29 23:22:02');
INSERT INTO `cou_class` VALUES (155, 1583701803531411457, 1, '2022-12-04 17:20:04');
INSERT INTO `cou_class` VALUES (156, 1587431879804641281, 1, '2022-12-04 17:20:04');

-- ----------------------------
-- Table structure for cou_type_son
-- ----------------------------
DROP TABLE IF EXISTS `cou_type_son`;
CREATE TABLE `cou_type_son`  (
  `id` int NOT NULL AUTO_INCREMENT,
  `cou_parent_type` int NOT NULL COMMENT '父类标记',
  `cou_son_type` varchar(20) CHARACTER SET utf8mb4 COLLATE utf8mb4_0900_ai_ci NULL DEFAULT NULL COMMENT '子类分类',
  PRIMARY KEY (`id`) USING BTREE
) ENGINE = InnoDB AUTO_INCREMENT = 31 CHARACTER SET = utf8mb4 COLLATE = utf8mb4_0900_ai_ci ROW_FORMAT = Dynamic;

-- ----------------------------
-- Records of cou_type_son
-- ----------------------------
INSERT INTO `cou_type_son` VALUES (1, 0, '生活护理');
INSERT INTO `cou_type_son` VALUES (2, 0, '平时护理');
INSERT INTO `cou_type_son` VALUES (3, 0, '特级护理');
INSERT INTO `cou_type_son` VALUES (4, 0, ' 一级护理');
INSERT INTO `cou_type_son` VALUES (5, 1, '内科学');
INSERT INTO `cou_type_son` VALUES (6, 1, '儿科学');
INSERT INTO `cou_type_son` VALUES (7, 1, '老年医学');
INSERT INTO `cou_type_son` VALUES (8, 1, '神经病学');
INSERT INTO `cou_type_son` VALUES (9, 1, '精神病与精神卫生学');
INSERT INTO `cou_type_son` VALUES (10, 5, 'Java开发');
INSERT INTO `cou_type_son` VALUES (11, 5, '前端开发');
INSERT INTO `cou_type_son` VALUES (12, 5, 'C++开发');
INSERT INTO `cou_type_son` VALUES (13, 5, '数据结构');
INSERT INTO `cou_type_son` VALUES (14, 5, '数据库应用');
INSERT INTO `cou_type_son` VALUES (15, 5, 'Python程序设计');
INSERT INTO `cou_type_son` VALUES (16, 2, '临床实践');
INSERT INTO `cou_type_son` VALUES (17, 2, '注射实践');
INSERT INTO `cou_type_son` VALUES (18, 2, '点滴实践');
INSERT INTO `cou_type_son` VALUES (19, 2, '医药实践');
INSERT INTO `cou_type_son` VALUES (20, 2, '交钱实践');
INSERT INTO `cou_type_son` VALUES (21, 3, '人体解剖学');
INSERT INTO `cou_type_son` VALUES (22, 3, '组织胚胎学');
INSERT INTO `cou_type_son` VALUES (23, 3, '生物化学');
INSERT INTO `cou_type_son` VALUES (24, 3, '神经生物学');
INSERT INTO `cou_type_son` VALUES (25, 3, '生理学');
INSERT INTO `cou_type_son` VALUES (26, 4, '语文课');
INSERT INTO `cou_type_son` VALUES (27, 4, '数学课');
INSERT INTO `cou_type_son` VALUES (28, 4, '英语课');
INSERT INTO `cou_type_son` VALUES (29, 4, '物理课');
INSERT INTO `cou_type_son` VALUES (30, 4, '生物课');
INSERT INTO `cou_type_son` VALUES (31, 4, '地理课');

-- ----------------------------
-- Table structure for cours
-- ----------------------------
DROP TABLE IF EXISTS `cours`;
CREATE TABLE `cours`  (
  `cou_id` bigint NOT NULL COMMENT '课程id(雪花id)',
  `cou_name` varchar(255) CHARACTER SET utf8mb4 COLLATE utf8mb4_0900_ai_ci NOT NULL COMMENT '课程名称',
  `cou_introduction` text CHARACTER SET utf8mb4 COLLATE utf8mb4_0900_ai_ci NOT NULL COMMENT '课程介绍',
  `cou_type` int NOT NULL COMMENT '课程类别',
  `cou_chile_type` int NULL DEFAULT NULL COMMENT '子类',
  `cou_price` double NOT NULL COMMENT '课程价格',
  `cou_cata_num` int NOT NULL DEFAULT 0 COMMENT '课程章节数',
  `cou_coll_num` int NOT NULL DEFAULT 0 COMMENT '课程收藏数',
  `cou_reco_num` int NOT NULL DEFAULT 0 COMMENT '课程推荐数',
  `deleted` tinyint NULL DEFAULT 0 COMMENT '是否删除',
  `tea_id` int NOT NULL COMMENT '课程作者',
  `create_time` timestamp(0) NOT NULL DEFAULT CURRENT_TIMESTAMP(0) COMMENT '创建时间',
  `photo` longtext CHARACTER SET utf8mb4 COLLATE utf8mb4_0900_ai_ci NULL COMMENT '图片',
  PRIMARY KEY (`cou_id`) USING BTREE,
  INDEX `tea_id`(`tea_id`) USING BTREE,
  INDEX `cou_type`(`cou_type`) USING BTREE,
  INDEX `cours_ibfk_2`(`cou_chile_type`) USING BTREE,
  CONSTRAINT `cours_ibfk_1` FOREIGN KEY (`tea_id`) REFERENCES `t_user` (`id`) ON DELETE RESTRICT ON UPDATE RESTRICT
) ENGINE = InnoDB CHARACTER SET = utf8mb4 COLLATE = utf8mb4_0900_ai_ci ROW_FORMAT = Dynamic;

-- ----------------------------
-- Records of cours
-- ----------------------------
INSERT INTO `cours` VALUES (1, '老年护理学', '美国护士协会（1987年提出用“老年护理学概念代替“老年病护理概念”，因为老年护理学涉及的护理范畴更广泛。包括评估老年人的健康和功能状态，制定护理计划，提供有效护理和其他卫生保健服务，并评价照顾效果。老年护理学强调保持和恢复、促进健康，预防和控制由急、慢性疾病引起的残疾，发挥老年人的日常生活能力，实现老年肌体的最佳功能，保持老年人的尊严和舒适生活直至死亡。\n老年护理学研究的重点在于从老年人生理、心理、社会文化以及发展的角度出发，研究自然、社会、文化教育和生理、心理因素对老年人健康的影响，探讨用护理手段或措施解决老年人健康问题。', 0, 3, 20, 10, 1, 2, 0, 8, '2022-11-24 23:27:55', 'http://localhost:10010/api/cours/file/a832906ec2b14e00a2b809cd91f89711.jpg');
INSERT INTO `cours` VALUES (2, '基础护理学1', '基础护理学是自然科学和社会科学相互渗透的一门综合性的应用学科。护理学以基础医学、临床医学、预防医学、康复医学以及与护理相关的社会、人文科学理论为基础，形成其独特的理论体系、应用技术和护理艺术，为人们生老病死这一生命现象的全过程提供全面的、系统的、整体的服务111。', 0, 1, 66, 0, 0, 2, 0, 8, '2022-11-24 16:52:11', 'http://172.17.130.162:10010/api/cours/file/6ff9a0c2ffb443c9a797574d88d5f110.jpg');
INSERT INTO `cours` VALUES (3, '护理学导论', '内容包括绪论、护理学的基本概念、护士素质与行为规范、护士与患者、护理的支持性理论、护理理论与模式、护理程序、护理工作中的法律问题、病区护理管理。为便于学生对护理理论的学习和理解，增加了相关案例分析和目标检测。突出了理论与实践的结合。使学生系统掌握护理学的基础理论和知识，为继续学习基础护理技术及临床护理学，以及提高职业道德修养、促进专业自身发展奠定扎实的理论基础。', 0, 1, 10, 6, 0, 1, 0, 23, '2022-11-23 11:36:17', 'http://172.17.130.162:10010/api/cours/file/6f6366e835cf4aff98a906552c911498.jpeg');
INSERT INTO `cours` VALUES (4, '康复疗法学', '康复疗法是在康复治疗前应先对病、伤、残者进行康复评定，然后制、定一个康复治疗方案，由以康复医师为中心的，康复治疗师和临床医学相关人员共同组成的康复治疗组去实施，并在实施过程中不断总结、评定、调整，直至治疗结束。 ', 0, 2, 15, 9, 0, 1, 0, 23, '2022-11-24 17:00:58', 'http://172.17.130.162:10010/api/cours/file/76b496c171a64f91b64d45ae8a9573bf.jpeg');
INSERT INTO `cours` VALUES (5, '康复评定学', '本课程共分为8章，详细地阐述了人体发育、身体结构和功能、活动和参与能力、环境和生存质量以及康复工程学的评定内容。', 0, 3, 20, 7, 1, 0, 0, 23, '2022-11-17 11:39:47', 'http://172.17.130.162:10010/api/cours/file/67ec87a3f36a49abaab03f400e3e2bb8.jpeg');
INSERT INTO `cours` VALUES (6, '人体解剖学', '人体解剖学是研究正常人体各部分形态、结构、位置、毗邻及结构与功能关系的科学，分为大体解剖学和显微解剖学两部分。大体解剖学是借助解剖器械切割尸体的方法，用肉眼观察人体各器官、系统的形态和结构的科学。显微解剖学可分为细胞学和组织学。显微解剖学必须借助光学显微镜或电子显微镜的放大作用研究人体的微细结构。', 1, 5, 30, 6, 0, 1, 0, 23, '2022-11-24 17:01:03', 'http://172.17.130.162:10010/api/cours/file/69e5fb5640d4421aa20420e5bbf4771d.jpeg');
INSERT INTO `cours` VALUES (7, '中医康复学', '是指在中医学理论指导下，针对残疾者、老年病、慢性病及急性病后期者，通过采用中医药特有的康复手段及其他措施，减轻功能障碍带来的影响，使之重返社会', 0, 4, 35, 6, 1, 1, 0, 23, '2022-11-23 14:29:55', 'http://172.17.130.162:10010/api/cours/file/96e7a0eb95724cc494da4f862095a0d7.jpeg');
INSERT INTO `cours` VALUES (1583001105646882817, '内科护理学', '课程按疾病概述、病因及发病机制、临床表现、实验室及其他检查、诊断要点、治疗要点、护理诊断／护理问题、护理措施、健康教育和预后进行系统阐述；每一系统均简要介绍其解剖生理及常见症状、体征的护理，介绍该系统疾病的常用现代护理技术', 0, 4, 15, 8, 0, 0, 0, 8, '2022-11-24 16:59:31', 'http://172.17.130.162:10010/api/cours/file/0994533485b94e958f4556486597ba4a.jpg');
INSERT INTO `cours` VALUES (1583701803531411457, '外科护理学', '外科护理学是阐述和研究对外科病人进行整体护理的一门临床护理学科，是基于医学科学的整体发展而形成的。它包含医学基础理论，外科学基础理论，专科护理学基础理论及技术，还包括护理心理学，护理伦理学和社会学等人文科学知识。外科护理学是护理学的重要分支，它以创伤，感染，肿瘤，畸形，梗阻，功能障碍等外科疾病病人为研究对象，在现代医学模式和护理观的指导下，以人的健康为中心，根据病人身心健康和社会家庭文化需求提供整体护理。', 0, 1, 18, 11, 0, 0, 0, 8, '2022-11-24 16:59:41', 'http://172.17.130.162:10010/api/cours/file/9bd7b24b0e254895a4ca15632ce1d5c8.jpg');
INSERT INTO `cours` VALUES (1587431879804641281, '护理礼仪', '较为全面系统地介绍了护理工作者应当掌握的礼仪常识，包括护士日常社交礼仪、护士仪容礼仪、护士服饰礼仪、护士仪态礼仪、护士沟通礼仪、护士工作礼仪及护士求职礼仪等八个部分，主要对护理职业人员的仪容、举止、服饰、言谈、交往、工作等方面的礼仪要求做了全面、详细的介绍，并辅以具体的行为模拟训练，注重职业礼仪的实用性和可操作性。', 2, 19, 15, 8, 0, 0, 0, 8, '2022-11-17 11:39:50', 'http://172.17.130.162:10010/api/cours/file/c9766cfa3bea47afb53c7a5539c49349.jpeg');
INSERT INTO `cours` VALUES (1587462661969494017, '妇产科护理', '课程在强化护理专业知识的同时力求淡化专科意识，简化医疗知识。组织框架内容时，本着突出“以人为中心”的宗旨，首先叙述妇女妊娠、分娩、产后的正常生理过程及其护理活动内容，在此基础上介绍异常过程及患病妇女的护理、计划生育和妇女保健指导内容。', 3, 22, 22, 11, 0, 0, 0, 8, '2022-11-17 11:39:51', 'http://172.17.130.162:10010/api/cours/file/f300b3acb731415bbc9aa805521a459d.jpeg');
INSERT INTO `cours` VALUES (1588446156078399490, '临床康复', '第一部分绪论，介绍了临床康复学的基本概念，康复医学的工作方式，临床康复治疗的作用与范畴。第二部分常见病症的康复，介绍了慢性疼痛、压疮、痉挛、挛缩、膀胱和直肠功能障碍、性功能障碍、智力一精神障碍、骨质疏松症的康复。第三部分常见疾病的康复，介绍了神经系疾病、骨外科疾病、老年病、内分泌疾病、免疫系统疾病、癌症及脑性瘫痪等的康复1。', 2, 16, 33, 14, 0, 0, 0, 8, '2022-11-17 11:39:51', 'http://172.17.130.162:10010/api/cours/file/b1c11730708345dcaa06932019619a46.jpeg');
INSERT INTO `cours` VALUES (1588446160964763649, '护理123', '护理培训', 0, 1, 20, 10, 0, 0, 1, 8, '2022-11-17 11:39:52', 'http://172.17.130.162:10010/api/cours/file/3ffddc0d0c7c426abae3194d234c42ce.jpg');
INSERT INTO `cours` VALUES (1588446163808501762, '护理110', '护理培训', 0, 1, 10, 10, 0, 0, 1, 8, '2022-11-17 11:39:52', 'http://172.17.130.162:10010/api/cours/file/3ffddc0d0c7c426abae3194d234c42ce.jpg');
INSERT INTO `cours` VALUES (1588446166153117697, '护理1', '护理培训', 0, 3, 10, 0, 0, 0, 1, 8, '2022-11-17 11:39:52', 'http://172.17.130.162:10010/api/cours/file/3ffddc0d0c7c426abae3194d234c42ce.jpg');
INSERT INTO `cours` VALUES (1588446168472567809, '护理1', '护理培训', 1, 4, 10, 0, 0, 0, 1, 8, '2022-11-17 11:39:53', 'http://172.17.130.162:10010/api/cours/file/3ffddc0d0c7c426abae3194d234c42ce.jpg');
INSERT INTO `cours` VALUES (1588446183085522946, '临床疾病概要', '内容包括常见内科疾病、神经科疾病、外科疾病、儿科疾病和传染病，详细介绍了与康复治疗专业密切相关的临床常见疾病的病因、发病机制、临床表现、实验室及其他检查、诊断与鉴别诊断、治疗、预防及预后等。', 1, 5, 66, 10, 0, 0, 0, 8, '2022-11-17 11:39:53', 'http://172.17.130.162:10010/api/cours/file/76b496c171a64f91b64d45ae8a9573bf.jpeg');
INSERT INTO `cours` VALUES (1588446185195257858, '儿科护理学', '儿科护理学是护理学专业必修课，是研究小儿时期这一人生基础阶段生长发育规律、提高小儿身心健康水平和疾病防治质量的护理学科。内容包括小儿生长发育规律、儿童保健、小儿疾病防治和护理等，是护理高等人才必须具备的学科知识。', 1, 6, 110, 9, 0, 0, 0, 8, '2022-11-17 11:39:57', 'http://172.17.130.162:10010/api/cours/file/2aadd16fc65649cdbaef9eeab75ca9d0.jpeg');
INSERT INTO `cours` VALUES (1588446198029828098, '护理32', '护理培训', 0, 3, 10, 0, 0, 0, 1, 8, '2022-11-17 11:39:58', 'http://172.17.130.162:10010/api/cours/file/3ffddc0d0c7c426abae3194d234c42ce.jpg');
INSERT INTO `cours` VALUES (1588446199770464258, '护理3', '护理培训', 1, 4, 0, 10, 0, 0, 1, 8, '2022-11-17 11:39:58', 'http://172.17.130.162:10010/api/cours/file/3ffddc0d0c7c426abae3194d234c42ce.jpg');
INSERT INTO `cours` VALUES (1588446201657901057, '护理3', '护理培训', 1, 4, 0, 10, 0, 0, 1, 8, '2022-11-17 11:39:58', 'http://172.17.130.162:10010/api/cours/file/3ffddc0d0c7c426abae3194d234c42ce.jpg');
INSERT INTO `cours` VALUES (1588446203897659393, '护理3', '护理培训', 1, 4, 0, 10, 0, 0, 1, 8, '2022-11-17 11:39:58', 'http://172.17.130.162:10010/api/cours/file/3ffddc0d0c7c426abae3194d234c42ce.jpg');
INSERT INTO `cours` VALUES (1588446205785096194, '护理3', '护理培训', 1, 4, 0, 10, 0, 0, 1, 8, '2022-11-17 11:39:58', 'http://172.17.130.162:10010/api/cours/file/3ffddc0d0c7c426abae3194d234c42ce.jpg');
INSERT INTO `cours` VALUES (1588532230314201090, '软件测试开发113', '软件测试', 0, 4, 15, 10, 0, 0, 1, 8, '2022-11-17 11:39:58', 'http://172.17.130.162:10010/api/cours/file/3ffddc0d0c7c426abae3194d234c42ce.jpg');
INSERT INTO `cours` VALUES (1588532251042451458, '软件测试开发111', '软件测试', 0, 4, 15, 0, 0, 0, 1, 8, '2022-11-22 18:19:47', 'http://172.17.130.162:10010/api/cours/file/3ffddc0d0c7c426abae3194d234c42ce.jpg');
INSERT INTO `cours` VALUES (1588533318207578114, '急救护理学', '重点介绍灾害、院外现场救护特点与原则、转运与途中监护救治，院内急诊护理流程，分诊技巧与处理原则，以及常见急症与危象的救护，脏器功能衰竭、休克、创伤、急性中毒、意外伤害及心搏骤停与心肺脑复苏等急救护理，对常用的急救、监护技术也作了详细介绍', 1, 6, 88, 7, 0, 0, 0, 23, '2022-11-17 11:39:58', 'http://172.17.130.162:10010/api/cours/file/10b622e8a9a545f7b61243312472834f.jpeg');
INSERT INTO `cours` VALUES (1588533832349569025, '人体发育学', '人体发育学是研究人生各个发展阶段中运动功能、智能、心理功能、社会功能、人格特征等发生和变化规律的学科。学习《人体发育学》对于加深理解康复治疗技术的内涵和外延，促进康复治疗技术的提高和创新具有重要的临床意义，是康复医学专业和康复治疗学专业的必修内容。', 1, 7, 45, 8, 0, 0, 0, 23, '2022-11-17 11:39:58', 'http://172.17.130.162:10010/api/cours/file/dd39324d87f34e66a66d9c38e4f71fab.jpeg');
INSERT INTO `cours` VALUES (1588534339075993601, '精神科护理学', '主要介绍精神科护理学的发展简史、基本概念、基本任务，精神科护理人员素质要求等内容；第二章介绍精神障碍的基本知识；第三章重点介绍精神科护理的基本技能；第四章介绍精神科常见意外事件的防范及护理；第五章论述精神障碍治疗过程的护理；第六章至第十五章则分类介绍了常见的精神障碍类型。', 1, 8, 23, 5, 0, 0, 0, 23, '2022-11-17 11:39:58', 'http://172.17.130.162:10010/api/cours/file/531dd5c31b4b431889d7f3b8a33d9c79.jpeg');
INSERT INTO `cours` VALUES (1588537204855250946, ' 康复推拿', ' 康复推拿', 2, 16, 13, 0, 0, 0, 0, 23, '2022-11-17 11:39:58', 'http://172.17.130.162:10010/api/cours/file/3ffddc0d0c7c426abae3194d234c42ce.jpg');
INSERT INTO `cours` VALUES (1588540672370200578, ' 康复饮食', ' 康复饮食', 2, 17, 14, 0, 0, 0, 0, 23, '2022-11-17 11:39:58', 'http://172.17.130.162:10010/api/cours/file/3ffddc0d0c7c426abae3194d234c42ce.jpg');
INSERT INTO `cours` VALUES (1588542523475906561, '物理康复', '传统物理康复法', 2, 18, 33, 0, 0, 0, 0, 23, '2022-11-17 11:39:58', 'http://172.17.130.162:10010/api/cours/file/3ffddc0d0c7c426abae3194d234c42ce.jpg');
INSERT INTO `cours` VALUES (1588543061307314177, '营养学', '营养学', 2, 19, 56, 0, 0, 0, 0, 23, '2022-11-17 11:39:58', 'http://172.17.130.162:10010/api/cours/file/3ffddc0d0c7c426abae3194d234c42ce.jpg');
INSERT INTO `cours` VALUES (1588544369334607874, '康复121', '可以帮助患者更好的恢复身体', 1, 6, 10, 0, 0, 0, 1, 8, '2022-11-17 11:39:58', 'http://172.17.130.162:10010/api/cours/file/3ffddc0d0c7c426abae3194d234c42ce.jpg');
INSERT INTO `cours` VALUES (1588544748419997697, 'java', '后端技术必须掌握', 0, 3, 99, 13, 0, 0, 1, 8, '2022-11-17 11:39:58', 'http://172.17.130.162:10010/api/cours/file/3ffddc0d0c7c426abae3194d234c42ce.jpg');
INSERT INTO `cours` VALUES (1588545342752874497, '土木科技', '建造大师的必经之路', 1, 2, 110, 10, 0, 0, 1, 8, '2022-11-17 11:39:58', 'http://172.17.130.162:10010/api/cours/file/3ffddc0d0c7c426abae3194d234c42ce.jpg');
INSERT INTO `cours` VALUES (1588545945973481473, '土木工程', '很厉害的工程', 1, 2, 88, 12, 0, 0, 1, 8, '2022-11-17 11:39:58', 'http://172.17.130.162:10010/api/cours/file/3ffddc0d0c7c426abae3194d234c42ce.jpg');
INSERT INTO `cours` VALUES (1588716491851915265, 'javaee', '后端必备技术', 0, 1, 60, 0, 0, 0, 1, 8, '2022-11-17 11:39:58', 'http://172.17.130.162:10010/api/cours/file/3ffddc0d0c7c426abae3194d234c42ce.jpg');
INSERT INTO `cours` VALUES (1588717517262774273, '精神护理学', '主要介绍精神科护理学的发展简史、基本概念、基本任务，精神科护理人员素质要求等内容；第二章介绍精神障碍的基本知识；第三章重点介绍精神科护理的基本技能；第四章介绍精神科常见意外事件的防范及护理；第五章论述精神障碍治疗过程的护理；第六章至第十五章则分类介绍了常见的精神障碍类型。', 1, 8, 88, 5, 0, 0, 0, 8, '2022-11-17 11:39:58', 'http://172.17.130.162:10010/api/cours/file/531dd5c31b4b431889d7f3b8a33d9c79.jpeg');
INSERT INTO `cours` VALUES (1588717907676979202, 'python', '爬虫爬虫！！13231322222222222222222222222222222221111111111111111111111111111111111111111111111111111111111111111111111111111111111111111111111', 0, 3, 123, 123, 0, 0, 1, 8, '2022-11-17 11:39:58', 'http://172.17.130.162:10010/api/cours/file/3ffddc0d0c7c426abae3194d234c42ce.jpg');
INSERT INTO `cours` VALUES (1588753086164418562, '数学1', '学好数学，可以知天地尺度', 0, 1, 66, 0, 0, 0, 1, 8, '2022-11-17 11:39:58', 'http://172.17.130.162:10010/api/cours/file/3ffddc0d0c7c426abae3194d234c42ce.jpg');
INSERT INTO `cours` VALUES (1588753166745387009, '数学02', '学好数学，可以知天地尺度', 0, 1, 123, 123, 0, 0, 1, 8, '2022-11-17 11:39:58', 'http://172.17.130.162:10010/api/cours/file/3ffddc0d0c7c426abae3194d234c42ce.jpg');
INSERT INTO `cours` VALUES (1588753237587181569, '数学031', '11231312', 0, 0, 11, 111, 0, 0, 1, 8, '2022-11-17 11:40:07', 'http://172.17.130.162:10010/api/cours/file/3ffddc0d0c7c426abae3194d234c42ce.jpg');
INSERT INTO `cours` VALUES (1588753308705800193, '数学06', '12', 0, 4, 12, 12, 0, 0, 1, 8, '2022-11-17 11:40:07', 'http://172.17.130.162:10010/api/cours/file/3ffddc0d0c7c426abae3194d234c42ce.jpg');
INSERT INTO `cours` VALUES (1588753445263949826, '数学33', '11', 0, 2, 11, 0, 0, 0, 1, 8, '2022-11-17 11:40:07', 'http://172.17.130.162:10010/api/cours/file/3ffddc0d0c7c426abae3194d234c42ce.jpg');
INSERT INTO `cours` VALUES (1588905795177934850, '1111', '1111', 0, 0, 111, 111, 0, 0, 1, 8, '2022-11-17 11:40:07', 'http://172.17.130.162:10010/api/cours/file/3ffddc0d0c7c426abae3194d234c42ce.jpg');
INSERT INTO `cours` VALUES (1588905842976223233, '222', '2222', 0, 3, 222, 0, 0, 0, 1, 8, '2022-11-17 11:40:07', 'http://172.17.130.162:10010/api/cours/file/3ffddc0d0c7c426abae3194d234c42ce.jpg');
INSERT INTO `cours` VALUES (1588905873934381058, '333', '333', 1, 0, 333, 333, 0, 0, 1, 8, '2022-11-17 11:40:07', 'http://172.17.130.162:10010/api/cours/file/3ffddc0d0c7c426abae3194d234c42ce.jpg');
INSERT INTO `cours` VALUES (1588905934655320066, '555', '555', 0, 1, 555, 555, 0, 0, 1, 8, '2022-11-17 11:40:07', 'http://172.17.130.162:10010/api/cours/file/3ffddc0d0c7c426abae3194d234c42ce.jpg');
INSERT INTO `cours` VALUES (1588907444583788545, '11', '11', 0, 0, 11, 111, 0, 0, 1, 8, '2022-11-17 11:40:07', 'http://172.17.130.162:10010/api/cours/file/3ffddc0d0c7c426abae3194d234c42ce.jpg');
INSERT INTO `cours` VALUES (1588907492323356674, '111', '111', 0, 0, 1111, 11, 0, 0, 1, 8, '2022-11-17 11:40:07', 'http://172.17.130.162:10010/api/cours/file/3ffddc0d0c7c426abae3194d234c42ce.jpg');
INSERT INTO `cours` VALUES (1588907534044098562, '6', '1111', 1, 0, 1111, 1111, 0, 0, 1, 8, '2022-11-17 11:40:07', 'http://172.17.130.162:10010/api/cours/file/3ffddc0d0c7c426abae3194d234c42ce.jpg');
INSERT INTO `cours` VALUES (1588907585336242177, '11111', '11111', 0, 0, 11111, 1111, 0, 0, 1, 8, '2022-11-17 11:40:07', 'http://172.17.130.162:10010/api/cours/file/3ffddc0d0c7c426abae3194d234c42ce.jpg');
INSERT INTO `cours` VALUES (1588909767934603266, '123123', '123', 0, 0, 123, 123, 0, 0, 1, 8, '2022-11-17 11:40:07', 'http://172.17.130.162:10010/api/cours/file/3ffddc0d0c7c426abae3194d234c42ce.jpg');
INSERT INTO `cours` VALUES (1588909865854824449, '1234', '1234', 1, 0, 1234, 1234, 0, 0, 1, 8, '2022-11-17 11:40:07', 'http://172.17.130.162:10010/api/cours/file/3ffddc0d0c7c426abae3194d234c42ce.jpg');
INSERT INTO `cours` VALUES (1588910510729064449, '123312', '123123', 0, 0, 12321, 1231312, 0, 0, 1, 8, '2022-11-17 11:40:07', 'http://172.17.130.162:10010/api/cours/file/3ffddc0d0c7c426abae3194d234c42ce.jpg');
INSERT INTO `cours` VALUES (1588912852807446529, '1221121', '2112', 0, 1, 112, 212, 0, 0, 1, 8, '2022-11-17 11:40:07', 'http://172.17.130.162:10010/api/cours/file/3ffddc0d0c7c426abae3194d234c42ce.jpg');
INSERT INTO `cours` VALUES (1588913466958409730, '91', '12312', 0, 1, 123, 12312, 0, 0, 1, 8, '2022-11-17 11:40:07', 'http://172.17.130.162:10010/api/cours/file/3ffddc0d0c7c426abae3194d234c42ce.jpg');
INSERT INTO `cours` VALUES (1588913649985253378, '911', '123', 0, 3, 123, 123, 0, 0, 1, 8, '2022-11-17 11:40:07', 'http://172.17.130.162:10010/api/cours/file/3ffddc0d0c7c426abae3194d234c42ce.jpg');
INSERT INTO `cours` VALUES (1588913967963828225, '9111', '3213', 0, 0, 12321, 12312, 0, 0, 1, 8, '2022-11-17 11:40:07', 'http://172.17.130.162:10010/api/cours/file/3ffddc0d0c7c426abae3194d234c42ce.jpg');
INSERT INTO `cours` VALUES (1588914176596897793, '81', '12312', 0, 1, 123, 123, 0, 0, 1, 8, '2022-11-17 11:40:07', 'http://172.17.130.162:10010/api/cours/file/3ffddc0d0c7c426abae3194d234c42ce.jpg');
INSERT INTO `cours` VALUES (1589086438503403522, '康复1', '1', 0, 0, 1, 1, 0, 0, 1, 8, '2022-11-17 11:40:07', 'http://172.17.130.162:10010/api/cours/file/3ffddc0d0c7c426abae3194d234c42ce.jpg');
INSERT INTO `cours` VALUES (1589086521714200578, '康复11', '1', 0, 0, 1, 1, 0, 0, 1, 8, '2022-11-17 11:40:07', 'http://172.17.130.162:10010/api/cours/file/3ffddc0d0c7c426abae3194d234c42ce.jpg');
INSERT INTO `cours` VALUES (1589086581965377538, '康复12', '21', 0, 0, 12, 12, 0, 0, 1, 8, '2022-11-17 11:40:07', 'http://172.17.130.162:10010/api/cours/file/3ffddc0d0c7c426abae3194d234c42ce.jpg');
INSERT INTO `cours` VALUES (1589091962531794945, '康复13', '12', 0, 0, 12, 21, 0, 0, 1, 8, '2022-11-17 11:40:07', 'http://172.17.130.162:10010/api/cours/file/3ffddc0d0c7c426abae3194d234c42ce.jpg');
INSERT INTO `cours` VALUES (1589092298940141570, '康复14', '1', 0, 0, 1, 1, 0, 0, 1, 8, '2022-11-17 11:40:07', 'http://172.17.130.162:10010/api/cours/file/3ffddc0d0c7c426abae3194d234c42ce.jpg');
INSERT INTO `cours` VALUES (1589447514671730689, '6', '1', 0, 0, 1, 1, 0, 0, 1, 8, '2022-11-17 11:40:07', 'http://172.17.130.162:10010/api/cours/file/3ffddc0d0c7c426abae3194d234c42ce.jpg');
INSERT INTO `cours` VALUES (1589448609443794945, '6', '2', 0, 0, 1, 12, 0, 0, 1, 8, '2022-11-17 11:40:07', 'http://172.17.130.162:10010/api/cours/file/3ffddc0d0c7c426abae3194d234c42ce.jpg');
INSERT INTO `cours` VALUES (1589449333347115009, '6', '1', 0, 0, 1, 1, 0, 0, 1, 8, '2022-11-17 11:40:07', 'http://172.17.130.162:10010/api/cours/file/3ffddc0d0c7c426abae3194d234c42ce.jpg');
INSERT INTO `cours` VALUES (1589449818196070401, '6', '1', 0, 0, 1, 1, 0, 0, 1, 8, '2022-11-17 11:40:07', 'http://172.17.130.162:10010/api/cours/file/3ffddc0d0c7c426abae3194d234c42ce.jpg');
INSERT INTO `cours` VALUES (1589450483530129410, '6', '1', 0, 0, 1, 1, 0, 0, 1, 8, '2022-11-17 11:40:07', 'http://172.17.130.162:10010/api/cours/file/3ffddc0d0c7c426abae3194d234c42ce.jpg');
INSERT INTO `cours` VALUES (1589451709558743041, '61', '23', 0, 1, 12, 22, 0, 0, 1, 8, '2022-11-17 11:40:07', 'http://172.17.130.162:10010/api/cours/file/3ffddc0d0c7c426abae3194d234c42ce.jpg');
INSERT INTO `cours` VALUES (1589474305977290753, '7', '7', 0, 0, 7, 7, 0, 0, 1, 8, '2022-11-17 11:40:07', 'http://172.17.130.162:10010/api/cours/file/3ffddc0d0c7c426abae3194d234c42ce.jpg');
INSERT INTO `cours` VALUES (1589481152469733378, '护理333', '1', 0, 0, 1, 0, 0, 0, 1, 8, '2022-11-17 11:40:07', 'http://172.17.130.162:10010/api/cours/file/3ffddc0d0c7c426abae3194d234c42ce.jpg');
INSERT INTO `cours` VALUES (1589481192898629633, '护理32', '2', 0, 0, 2, 2, 0, 0, 1, 8, '2022-11-17 11:40:07', 'http://172.17.130.162:10010/api/cours/file/3ffddc0d0c7c426abae3194d234c42ce.jpg');
INSERT INTO `cours` VALUES (1589595211538001921, '康复心理学', '主要内容包括以下几个方面：①心理学基础部分，主要讨论心理现象及其实质、心理过程、个性心理、心理应激与防御、心身疾病以及病理心理学；②康复心理学部分，主要讨论康复心理学的基本技能、残疾人的心理问题、康复治疗与心理以及临床常见心理障碍的康复。', 1, 9, 16, 6, 0, 0, 0, 8, '2022-11-17 11:40:07', 'http://172.17.130.162:10010/api/cours/file/ae558414b4fe4cdcb0d0287102a188e4.jpeg');
INSERT INTO `cours` VALUES (1589595247277666305, '英语021', '2', 1, 2, 2, 2, 0, 0, 1, 8, '2022-11-17 11:40:07', 'http://172.17.130.162:10010/api/cours/file/3ffddc0d0c7c426abae3194d234c42ce.jpg');
INSERT INTO `cours` VALUES (1589595282551762945, '病理学', '疾病是一个极其复杂的过程。在病原因子和机体反应功能的相互作用下，患病机体有关部分的形态结构、代谢和功能都会发生种种改变，这是研究和认识疾病的重要依据。病理学（pathology）的任务就是运用各种方法研究疾病的原因（病因学，etiology）、在病因作用下疾病发生发展的过程（发病学，pathogenesis）以及机体在疾病过程中的功能、代谢和形态结构的改变（病变，pathological changes），阐明其本质，从而为认识和掌握疾病发生发展的规律，为防治疾病，提供必要的理论基础。', 2, 17, 21, 7, 0, 0, 0, 8, '2022-11-17 11:40:08', 'http://172.17.130.162:10010/api/cours/file/e06cbadac4bb48b1b4fb2875f7cfd738.jpeg');
INSERT INTO `cours` VALUES (1589595321772699650, '药理学', '药理学是研究药物与机体间相互作用规律及其药物作用机制的一门科学，主要包括药效动力学和药代动力学两个方面。前者是阐明药物对机体的作用和作用原理,后者阐明药物在体内吸收、分布、生物转化和排泄等过程,及药物效应和血药浓度随时间消长的规律。', 2, 18, 66, 7, 0, 0, 0, 8, '2022-11-17 11:40:08', 'http://172.17.130.162:10010/api/cours/file/ae274601a6b243ea90334bc27cb12f92.jpeg');
INSERT INTO `cours` VALUES (1589595375057137666, '英语05', '1', 0, 0, 1, 1, 0, 0, 1, 8, '2022-11-17 11:40:08', 'http://172.17.130.162:10010/api/cours/file/3ffddc0d0c7c426abae3194d234c42ce.jpg');
INSERT INTO `cours` VALUES (1589596489961877506, '英语12', '2', 0, 0, 2, 2, 0, 0, 1, 8, '2022-11-17 11:40:08', 'http://172.17.130.162:10010/api/cours/file/3ffddc0d0c7c426abae3194d234c42ce.jpg');
INSERT INTO `cours` VALUES (1589596576494563330, '英语102', '1', 0, 1, 1, 1, 0, 0, 1, 8, '2022-11-17 11:40:08', 'http://172.17.130.162:10010/api/cours/file/3ffddc0d0c7c426abae3194d234c42ce.jpg');
INSERT INTO `cours` VALUES (1589596624397709314, '英语122', '3', 0, 0, 1, 2, 0, 0, 1, 8, '2022-11-17 11:40:08', 'http://172.17.130.162:10010/api/cours/file/3ffddc0d0c7c426abae3194d234c42ce.jpg');
INSERT INTO `cours` VALUES (1589611414608326657, '英语211', '1', 0, 0, 1, 1, 0, 0, 1, 8, '2022-11-17 11:40:08', 'http://172.17.130.162:10010/api/cours/file/3ffddc0d0c7c426abae3194d234c42ce.jpg');
INSERT INTO `cours` VALUES (1589638251908608001, '英语201', '123', 0, 3, 1, 1, 0, 0, 1, 8, '2022-11-17 11:40:08', 'http://172.17.130.162:10010/api/cours/file/3ffddc0d0c7c426abae3194d234c42ce.jpg');
INSERT INTO `cours` VALUES (1589799298804109314, '政治022', '3', 0, 0, 1, 2, 0, 0, 1, 8, '2022-11-17 11:40:08', 'http://172.17.130.162:10010/api/cours/file/3ffddc0d0c7c426abae3194d234c42ce.jpg');
INSERT INTO `cours` VALUES (1589814406674579458, '生物02', '2', 0, 1, 1, 1, 0, 0, 1, 8, '2022-11-17 11:40:08', 'http://172.17.130.162:10010/api/cours/file/3ffddc0d0c7c426abae3194d234c42ce.jpg');
INSERT INTO `cours` VALUES (1589828656876933121, '临床01', '临床培训', 5, 5, 20.5, 10, 0, 0, 1, 8, '2022-11-17 11:40:08', 'http://172.17.130.162:10010/api/cours/file/3ffddc0d0c7c426abae3194d234c42ce.jpg');
INSERT INTO `cours` VALUES (1589897067527020546, '护理020', '3', 0, 0, 1, 2, 0, 0, 1, 8, '2022-11-17 11:40:08', 'http://172.17.130.162:10010/api/cours/file/3ffddc0d0c7c426abae3194d234c42ce.jpg');
INSERT INTO `cours` VALUES (1589898406298525698, '护理213', '3', 0, 0, 1, 2, 0, 0, 1, 8, '2022-11-17 11:40:08', 'http://172.17.130.162:10010/api/cours/file/3ffddc0d0c7c426abae3194d234c42ce.jpg');
INSERT INTO `cours` VALUES (1589898729301913601, '美术021', '4', 0, 3, 2, 3, 0, 0, 1, 8, '2022-11-17 11:40:08', 'http://172.17.130.162:10010/api/cours/file/3ffddc0d0c7c426abae3194d234c42ce.jpg');
INSERT INTO `cours` VALUES (1589951212086763521, '临床01', '临床培训', 0, 3, 20.5, 10, 0, 0, 1, 8, '2022-11-17 11:40:08', 'http://172.17.130.162:10010/api/cours/file/3ffddc0d0c7c426abae3194d234c42ce.jpg');
INSERT INTO `cours` VALUES (1589951424700264449, '临床03', '临床培训', 0, 1, 20.5, 10, 0, 0, 1, 8, '2022-11-17 11:40:08', 'http://172.17.130.162:10010/api/cours/file/3ffddc0d0c7c426abae3194d234c42ce.jpg');
INSERT INTO `cours` VALUES (1589951533764714498, '临床01', '临床培训', 0, 3, 20.5, 10, 0, 0, 1, 8, '2022-11-17 11:40:08', 'http://172.17.130.162:10010/api/cours/file/3ffddc0d0c7c426abae3194d234c42ce.jpg');
INSERT INTO `cours` VALUES (1589952573281054722, '临床01', '临床培训', 0, 1, 20.5, 10, 0, 0, 1, 8, '2022-11-17 11:40:08', 'http://172.17.130.162:10010/api/cours/file/3ffddc0d0c7c426abae3194d234c42ce.jpg');
INSERT INTO `cours` VALUES (1589956994471698433, '护理123', '123', 0, 0, 123, 123, 0, 0, 1, 8, '2022-11-17 11:40:08', 'http://172.17.130.162:10010/api/cours/file/3ffddc0d0c7c426abae3194d234c42ce.jpg');
INSERT INTO `cours` VALUES (1589960320059879426, '护理201', '123', 0, 0, 30, 15, 0, 0, 1, 8, '2022-11-17 11:40:08', 'http://172.17.130.162:10010/api/cours/file/3ffddc0d0c7c426abae3194d234c42ce.jpg');
INSERT INTO `cours` VALUES (1589982655093547009, '临床01', '临床培训', 0, 3, 20.5, 10, 0, 0, 1, 8, '2022-11-17 11:40:08', 'http://172.17.130.162:10010/api/cours/file/3ffddc0d0c7c426abae3194d234c42ce.jpg');
INSERT INTO `cours` VALUES (1589982692146065410, '临床01', '临床培训', 0, 1, 20.5, 10, 0, 0, 1, 8, '2022-11-17 11:40:08', 'http://172.17.130.162:10010/api/cours/file/3ffddc0d0c7c426abae3194d234c42ce.jpg');
INSERT INTO `cours` VALUES (1589996517779992577, '临床03', '临床培训', 0, 1, 20.5, 10, 0, 0, 1, 8, '2022-11-17 11:40:08', 'http://172.17.130.162:10010/api/cours/file/3ffddc0d0c7c426abae3194d234c42ce.jpg');
INSERT INTO `cours` VALUES (1589997083566411778, '临床03', '临床培训', 5, 5, 20.5, 10, 0, 0, 1, 8, '2022-11-17 11:40:08', 'http://172.17.130.162:10010/api/cours/file/3ffddc0d0c7c426abae3194d234c42ce.jpg');
INSERT INTO `cours` VALUES (1590166352958844929, '数媒201', '3', 0, 0, 1, 2, 0, 0, 1, 8, '2022-11-17 11:40:08', 'http://172.17.130.162:10010/api/cours/file/3ffddc0d0c7c426abae3194d234c42ce.jpg');
INSERT INTO `cours` VALUES (1590611008435712002, '数学166', '好好学，你可以的！', 0, 3, 123, 10, 0, 0, 1, 8, '2022-11-17 11:40:08', 'http://172.17.130.162:10010/api/cours/file/3ffddc0d0c7c426abae3194d234c42ce.jpg');
INSERT INTO `cours` VALUES (1590613551815520258, '数媒201', '123', 0, 0, 123, 123, 0, 0, 1, 8, '2022-11-17 11:40:08', 'http://172.17.130.162:10010/api/cours/file/3ffddc0d0c7c426abae3194d234c42ce.jpg');
INSERT INTO `cours` VALUES (1590613676570898434, '树莓01', '123', 5, 0, 123, 123, 0, 0, 1, 8, '2022-11-17 11:40:08', 'http://172.17.130.162:10010/api/cours/file/3ffddc0d0c7c426abae3194d234c42ce.jpg');
INSERT INTO `cours` VALUES (1590614634709315586, '音乐01', '123', 0, 1, 123, 123, 0, 0, 1, 8, '2022-11-17 11:40:08', 'http://172.17.130.162:10010/api/cours/file/3ffddc0d0c7c426abae3194d234c42ce.jpg');
INSERT INTO `cours` VALUES (1590614897876725762, '音乐01', '123', 0, 0, 123, 123, 0, 0, 1, 8, '2022-11-17 11:40:08', 'http://172.17.130.162:10010/api/cours/file/3ffddc0d0c7c426abae3194d234c42ce.jpg');
INSERT INTO `cours` VALUES (1590615099232677889, '音乐01', '123', 0, 0, 123, 123, 0, 0, 1, 8, '2022-11-17 11:40:08', 'http://172.17.130.162:10010/api/cours/file/3ffddc0d0c7c426abae3194d234c42ce.jpg');
INSERT INTO `cours` VALUES (1591329500210339842, '护理001', '123', 0, 4, 123, 123, 0, 0, 1, 8, '2022-11-17 11:40:08', 'http://172.17.130.162:10010/api/cours/file/3ffddc0d0c7c426abae3194d234c42ce.jpg');
INSERT INTO `cours` VALUES (1591329560360853505, '护理002', '123', 0, 1, 123, 123, 0, 0, 1, 8, '2022-11-17 11:40:08', 'http://172.17.130.162:10010/api/cours/file/3ffddc0d0c7c426abae3194d234c42ce.jpg');
INSERT INTO `cours` VALUES (1591333064081088513, '护理001', '12321', 0, 0, 123, 123, 0, 0, 1, 8, '2022-11-17 11:40:08', 'http://172.17.130.162:10010/api/cours/file/3ffddc0d0c7c426abae3194d234c42ce.jpg');
INSERT INTO `cours` VALUES (1591333747165380610, '护理001', '123', 0, 1, 132, 123, 0, 0, 1, 8, '2022-11-17 11:40:08', 'http://172.17.130.162:10010/api/cours/file/3ffddc0d0c7c426abae3194d234c42ce.jpg');
INSERT INTO `cours` VALUES (1591334364512403458, '护理002', '132', 0, 0, 123, 123, 0, 0, 1, 8, '2022-11-17 11:40:08', 'http://172.17.130.162:10010/api/cours/file/3ffddc0d0c7c426abae3194d234c42ce.jpg');
INSERT INTO `cours` VALUES (1591334501972385794, '护理002', '31', 1, 1, 123, 131, 0, 0, 1, 8, '2022-11-17 11:40:08', 'http://172.17.130.162:10010/api/cours/file/3ffddc0d0c7c426abae3194d234c42ce.jpg');
INSERT INTO `cours` VALUES (1591335602058633217, '护理003', '123', 0, 0, 123, 123, 0, 0, 1, 8, '2022-11-17 11:40:08', 'http://172.17.130.162:10010/api/cours/file/3ffddc0d0c7c426abae3194d234c42ce.jpg');
INSERT INTO `cours` VALUES (1591339885218902018, '护理001', '1', 0, 0, 1, 1, 0, 0, 1, 8, '2022-11-17 11:40:08', 'http://172.17.130.162:10010/api/cours/file/3ffddc0d0c7c426abae3194d234c42ce.jpg');
INSERT INTO `cours` VALUES (1591339933864439810, '护理002', '1', 1, 1, 1, 1, 0, 0, 1, 8, '2022-11-17 11:40:08', 'http://172.17.130.162:10010/api/cours/file/3ffddc0d0c7c426abae3194d234c42ce.jpg');
INSERT INTO `cours` VALUES (1591339973194428417, '护理003', '1', 0, 0, 1, 1, 0, 0, 1, 8, '2022-11-17 11:40:08', 'http://172.17.130.162:10010/api/cours/file/3ffddc0d0c7c426abae3194d234c42ce.jpg');
INSERT INTO `cours` VALUES (1591340017339478017, '护理004', '1', 0, 0, 1, 1, 0, 0, 1, 8, '2022-11-17 11:40:08', 'http://172.17.130.162:10010/api/cours/file/3ffddc0d0c7c426abae3194d234c42ce.jpg');
INSERT INTO `cours` VALUES (1591340056740769794, '护理005', '3', 0, 0, 2, 2, 0, 0, 1, 8, '2022-11-17 11:40:09', 'http://172.17.130.162:10010/api/cours/file/3ffddc0d0c7c426abae3194d234c42ce.jpg');
INSERT INTO `cours` VALUES (1591340483414732802, '护理005', '3', 0, 0, 1, 2, 0, 0, 1, 8, '2022-11-17 11:40:09', 'http://172.17.130.162:10010/api/cours/file/3ffddc0d0c7c426abae3194d234c42ce.jpg');
INSERT INTO `cours` VALUES (1591340703909294081, '护理005', '3', 0, 1, 1, 2, 0, 0, 1, 8, '2022-11-17 11:40:09', 'http://172.17.130.162:10010/api/cours/file/3ffddc0d0c7c426abae3194d234c42ce.jpg');
INSERT INTO `cours` VALUES (1591342294586503169, '护理005', '123', 0, 0, 123, 123, 0, 0, 1, 8, '2022-11-17 11:40:09', 'http://172.17.130.162:10010/api/cours/file/3ffddc0d0c7c426abae3194d234c42ce.jpg');
INSERT INTO `cours` VALUES (1591342483258880001, '护理005', '2', 0, 0, 1, 1, 0, 0, 1, 8, '2022-11-17 11:40:09', 'http://172.17.130.162:10010/api/cours/file/3ffddc0d0c7c426abae3194d234c42ce.jpg');
INSERT INTO `cours` VALUES (1591342850948345857, '护理005', '3', 0, 0, 1, 23, 0, 0, 1, 8, '2022-11-17 11:40:09', 'http://172.17.130.162:10010/api/cours/file/3ffddc0d0c7c426abae3194d234c42ce.jpg');
INSERT INTO `cours` VALUES (1591343254398447617, '护理005', '3', 0, 0, 1, 23, 0, 0, 1, 8, '2022-11-17 11:40:09', 'http://172.17.130.162:10010/api/cours/file/3ffddc0d0c7c426abae3194d234c42ce.jpg');
INSERT INTO `cours` VALUES (1591344136171171841, '护理005', '3', 0, 0, 12, 3, 0, 0, 1, 8, '2022-11-17 11:40:09', 'http://172.17.130.162:10010/api/cours/file/3ffddc0d0c7c426abae3194d234c42ce.jpg');
INSERT INTO `cours` VALUES (1591344766407290882, '护理006', '3', 0, 0, 1, 2, 0, 0, 1, 8, '2022-11-17 11:40:09', 'http://172.17.130.162:10010/api/cours/file/3ffddc0d0c7c426abae3194d234c42ce.jpg');
INSERT INTO `cours` VALUES (1591345229332623362, '护理006', '3', 0, 0, 1, 2, 0, 0, 1, 8, '2022-11-17 11:40:09', 'http://172.17.130.162:10010/api/cours/file/3ffddc0d0c7c426abae3194d234c42ce.jpg');
INSERT INTO `cours` VALUES (1591345501211602945, '护理006', '123', 0, 0, 12, 3, 0, 0, 1, 8, '2022-11-17 11:40:09', 'http://172.17.130.162:10010/api/cours/file/3ffddc0d0c7c426abae3194d234c42ce.jpg');
INSERT INTO `cours` VALUES (1591345706443091969, '护理005', '32', 0, 0, 1, 23, 0, 0, 1, 8, '2022-11-17 11:40:09', 'http://172.17.130.162:10010/api/cours/file/3ffddc0d0c7c426abae3194d234c42ce.jpg');
INSERT INTO `cours` VALUES (1591345739427098626, '护理006', '123', 0, 0, 123, 123, 0, 0, 1, 8, '2022-11-17 11:40:09', 'http://172.17.130.162:10010/api/cours/file/3ffddc0d0c7c426abae3194d234c42ce.jpg');
INSERT INTO `cours` VALUES (1591347925955522561, '护理0001', '1', 0, 0, 1, 1, 0, 0, 1, 8, '2022-11-17 11:40:09', 'http://172.17.130.162:10010/api/cours/file/3ffddc0d0c7c426abae3194d234c42ce.jpg');
INSERT INTO `cours` VALUES (1591350170558279681, '护理006', '213', 0, 0, 123, 123, 0, 0, 1, 8, '2022-11-17 11:40:09', 'http://172.17.130.162:10010/api/cours/file/3ffddc0d0c7c426abae3194d234c42ce.jpg');
INSERT INTO `cours` VALUES (1591350211683430401, '护理007', '123', 0, 0, 123, 213, 0, 0, 1, 8, '2022-11-17 11:40:09', 'http://172.17.130.162:10010/api/cours/file/3ffddc0d0c7c426abae3194d234c42ce.jpg');
INSERT INTO `cours` VALUES (1591350256180801538, '护理008', '3', 0, 1, 1, 2, 0, 0, 1, 8, '2022-11-17 11:40:09', 'http://172.17.130.162:10010/api/cours/file/3ffddc0d0c7c426abae3194d234c42ce.jpg');
INSERT INTO `cours` VALUES (1591354656441905154, '护理001', '123', 0, 0, 123, 123, 0, 0, 1, 8, '2022-11-17 11:40:09', 'http://172.17.130.162:10010/api/cours/file/3ffddc0d0c7c426abae3194d234c42ce.jpg');
INSERT INTO `cours` VALUES (1591389706512445442, '护理001', '1', 0, 0, 1, 1, 0, 0, 1, 8, '2022-11-17 11:40:09', 'http://172.17.130.162:10010/api/cours/file/3ffddc0d0c7c426abae3194d234c42ce.jpg');
INSERT INTO `cours` VALUES (1591390260689055745, '护理001', '3', 0, 0, 1, 2, 0, 0, 1, 8, '2022-11-17 11:40:09', 'http://172.17.130.162:10010/api/cours/file/3ffddc0d0c7c426abae3194d234c42ce.jpg');
INSERT INTO `cours` VALUES (1591391305372741634, '护理0001', '3', 0, 0, 1, 2, 0, 0, 1, 8, '2022-11-17 11:40:09', 'http://172.17.130.162:10010/api/cours/file/3ffddc0d0c7c426abae3194d234c42ce.jpg');
INSERT INTO `cours` VALUES (1591392543589953537, '护理0001', '3', 0, 0, 1, 2, 0, 0, 1, 8, '2022-11-17 11:40:09', 'http://172.17.130.162:10010/api/cours/file/3ffddc0d0c7c426abae3194d234c42ce.jpg');
INSERT INTO `cours` VALUES (1591393715314946050, '护理001', '22', 0, 0, 1, 12, 0, 0, 1, 8, '2022-11-17 11:40:09', 'http://172.17.130.162:10010/api/cours/file/3ffddc0d0c7c426abae3194d234c42ce.jpg');
INSERT INTO `cours` VALUES (1591394337305063426, '护理0001', '3', 0, 0, 1, 2, 0, 0, 1, 8, '2022-11-17 11:40:09', 'http://172.17.130.162:10010/api/cours/file/3ffddc0d0c7c426abae3194d234c42ce.jpg');
INSERT INTO `cours` VALUES (1591394860993277953, '护理0001', '3', 1, 1, 1, 2, 0, 0, 1, 8, '2022-11-17 11:40:09', 'http://172.17.130.162:10010/api/cours/file/3ffddc0d0c7c426abae3194d234c42ce.jpg');
INSERT INTO `cours` VALUES (1591397475575590913, '护理0001', '3', 0, 2, 1, 2, 0, 0, 1, 8, '2022-11-17 11:40:09', 'http://172.17.130.162:10010/api/cours/file/3ffddc0d0c7c426abae3194d234c42ce.jpg');
INSERT INTO `cours` VALUES (1591397548376125442, '护理0002', '2', 0, 0, 1, 23, 0, 0, 1, 8, '2022-11-17 11:40:09', 'http://172.17.130.162:10010/api/cours/file/3ffddc0d0c7c426abae3194d234c42ce.jpg');
INSERT INTO `cours` VALUES (1591397596019224577, '护理0003', '3', 0, 1, 1, 2, 0, 0, 1, 8, '2022-11-17 11:40:09', 'http://172.17.130.162:10010/api/cours/file/3ffddc0d0c7c426abae3194d234c42ce.jpg');
INSERT INTO `cours` VALUES (1591397660737335297, '护理00005', '1', 0, 0, 2, 3, 0, 0, 1, 8, '2022-11-17 11:40:09', 'http://172.17.130.162:10010/api/cours/file/3ffddc0d0c7c426abae3194d234c42ce.jpg');
INSERT INTO `cours` VALUES (1591399244967899138, '护理0006', '3', 0, 1, 1, 2, 0, 0, 1, 8, '2022-11-17 11:40:09', 'http://172.17.130.162:10010/api/cours/file/3ffddc0d0c7c426abae3194d234c42ce.jpg');
INSERT INTO `cours` VALUES (1591399463990259713, '护理00006', '3', 0, 0, 1, 23, 0, 0, 1, 8, '2022-11-17 11:40:09', 'http://172.17.130.162:10010/api/cours/file/3ffddc0d0c7c426abae3194d234c42ce.jpg');
INSERT INTO `cours` VALUES (1591411973191561217, '护理0001', '3', 0, 0, 1, 2, 0, 0, 1, 8, '2022-11-17 11:40:09', 'http://172.17.130.162:10010/api/cours/file/3ffddc0d0c7c426abae3194d234c42ce.jpg');
INSERT INTO `cours` VALUES (1591412014081830914, '护理0003', '3', 0, 2, 1, 2, 0, 0, 1, 8, '2022-11-17 11:40:09', 'http://172.17.130.162:10010/api/cours/file/3ffddc0d0c7c426abae3194d234c42ce.jpg');
INSERT INTO `cours` VALUES (1591412160794390530, '护理00001', '123', 0, 0, 1, 23, 0, 0, 1, 8, '2022-11-17 11:40:09', 'http://172.17.130.162:10010/api/cours/file/3ffddc0d0c7c426abae3194d234c42ce.jpg');
INSERT INTO `cours` VALUES (1591412209922273282, '护理000021', '11', 0, 3, 121, 12, 0, 0, 1, 8, '2022-11-17 11:40:09', 'http://172.17.130.162:10010/api/cours/file/3ffddc0d0c7c426abae3194d234c42ce.jpg');
INSERT INTO `cours` VALUES (1591412270378971138, '护理0003', '3', 0, 4, 12, 2, 0, 0, 1, 8, '2022-11-17 11:40:09', 'http://172.17.130.162:10010/api/cours/file/3ffddc0d0c7c426abae3194d234c42ce.jpg');
INSERT INTO `cours` VALUES (1591412946588856322, '护理0001', '123', 0, 0, 2, 321, 0, 0, 1, 8, '2022-11-17 11:40:09', 'http://172.17.130.162:10010/api/cours/file/3ffddc0d0c7c426abae3194d234c42ce.jpg');
INSERT INTO `cours` VALUES (1591412994001268737, '护理0003', '123', 0, 2, 1, 231, 0, 0, 1, 8, '2022-11-17 11:40:09', 'http://172.17.130.162:10010/api/cours/file/3ffddc0d0c7c426abae3194d234c42ce.jpg');
INSERT INTO `cours` VALUES (1591413154450173954, '护理00006', '3', 1, 1, 1, 2, 0, 0, 1, 8, '2022-11-17 11:40:09', 'http://172.17.130.162:10010/api/cours/file/3ffddc0d0c7c426abae3194d234c42ce.jpg');
INSERT INTO `cours` VALUES (1591413425683230721, '护理0003', '1', 0, 3, 1, 1, 0, 0, 1, 8, '2022-11-17 11:40:09', 'http://172.17.130.162:10010/api/cours/file/3ffddc0d0c7c426abae3194d234c42ce.jpg');
INSERT INTO `cours` VALUES (1591428466977472513, '护理0001', '1', 0, 0, 1, 1, 0, 0, 1, 8, '2022-11-17 11:40:09', 'http://172.17.130.162:10010/api/cours/file/3ffddc0d0c7c426abae3194d234c42ce.jpg');
INSERT INTO `cours` VALUES (1591428537156562946, '护理00003', '1', 1, 1, 2, 3, 0, 0, 1, 8, '2022-11-17 11:40:09', 'http://172.17.130.162:10010/api/cours/file/3ffddc0d0c7c426abae3194d234c42ce.jpg');
INSERT INTO `cours` VALUES (1591430383048781826, '护理0001', '1', 0, 1, 1, 1, 0, 0, 1, 8, '2022-11-17 11:40:09', 'http://172.17.130.162:10010/api/cours/file/3ffddc0d0c7c426abae3194d234c42ce.jpg');
INSERT INTO `cours` VALUES (1591430439034351618, '人体解剖学', '人体解剖学是研究正常人体各部分形态、结构、位置、毗邻及结构与功能关系的科学，分为大体解剖学和显微解剖学两部分。大体解剖学是借助解剖器械切割尸体的方法，用肉眼观察人体各器官、系统的形态和结构的科学。显微解剖学可分为细胞学和组织学。显微解剖学必须借助光学显微镜或电子显微镜的放大作用研究人体的微细结构。', 3, 21, 17, 5, 0, 0, 0, 8, '2022-11-17 11:40:09', 'http://172.17.130.162:10010/api/cours/file/69e5fb5640d4421aa20420e5bbf4771d.jpeg');
INSERT INTO `cours` VALUES (1591430516071137282, '护理0003', '1', 0, 1, 1, 1, 0, 0, 1, 8, '2022-11-17 11:40:10', 'http://172.17.130.162:10010/api/cours/file/3ffddc0d0c7c426abae3194d234c42ce.jpg');
INSERT INTO `cours` VALUES (1591430573637959681, '护理0003', '3', 0, 2, 1, 2, 0, 0, 1, 8, '2022-11-17 11:40:10', 'http://172.17.130.162:10010/api/cours/file/3ffddc0d0c7c426abae3194d234c42ce.jpg');
INSERT INTO `cours` VALUES (1591430654051151873, '护理0004', '3', 0, 1, 1, 23, 0, 0, 1, 8, '2022-11-17 11:40:10', 'http://172.17.130.162:10010/api/cours/file/3ffddc0d0c7c426abae3194d234c42ce.jpg');
INSERT INTO `cours` VALUES (1591436791970463745, '护理0003', '123', 0, 1, 123, 123, 0, 0, 1, 8, '2022-11-17 11:40:10', 'http://172.17.130.162:10010/api/cours/file/3ffddc0d0c7c426abae3194d234c42ce.jpg');
INSERT INTO `cours` VALUES (1591436831921209346, '护理0005', '1', 0, 1, 2, 3, 0, 0, 1, 8, '2022-11-17 11:40:10', 'http://172.17.130.162:10010/api/cours/file/3ffddc0d0c7c426abae3194d234c42ce.jpg');
INSERT INTO `cours` VALUES (1591437508089151489, '7', '1', 0, 1, 1, 1, 0, 0, 1, 8, '2022-11-17 11:40:10', 'http://172.17.130.162:10010/api/cours/file/3ffddc0d0c7c426abae3194d234c42ce.jpg');
INSERT INTO `cours` VALUES (1591437738150920193, '71', '1', 0, 1, 1, 1, 0, 0, 1, 8, '2022-11-17 11:40:10', 'http://172.17.130.162:10010/api/cours/file/3ffddc0d0c7c426abae3194d234c42ce.jpg');
INSERT INTO `cours` VALUES (1591437767053869057, '72', '1', 0, 2, 1, 1, 0, 0, 1, 8, '2022-11-17 11:40:10', 'http://172.17.130.162:10010/api/cours/file/3ffddc0d0c7c426abae3194d234c42ce.jpg');
INSERT INTO `cours` VALUES (1591437950504333314, '护理0006', '1', 0, 1, 1, 1, 0, 0, 1, 8, '2022-11-17 11:40:10', 'http://172.17.130.162:10010/api/cours/file/3ffddc0d0c7c426abae3194d234c42ce.jpg');
INSERT INTO `cours` VALUES (1591439150121414657, '人体发育学', '人体发育学是研究人生各个发展阶段中运动功能、智能、心理功能、社会功能、人格特征等发生和变化规律的学科。学习《人体发育学》对于加深理解康复治疗技术的内涵和外延，促进康复治疗技术的提高和创新具有重要的临床意义，是康复医学专业和康复治疗学专业的必修内容。', 3, 25, 12, 8, 0, 0, 0, 8, '2022-11-17 11:40:10', 'http://172.17.130.162:10010/api/cours/file/dd39324d87f34e66a66d9c38e4f71fab.jpeg');
INSERT INTO `cours` VALUES (1591439185768804353, '临床营养学', '临床营养学是关于食物中营养素的性质，分布，代谢作用以及食物摄入不足的后果的一门科学。临床营养学中的营养素是指食物中能被吸收及用于增进健康的化学物。某些营养素是必需的，因为它们不能被机体合成，因此必须从食物中获得。对患者来说，合理平衡的营养饮食极为重要。“医食同源，药食同根”，表明营养饮食和药物对于治疗疾病有异曲同工之处。合理的营养饮食可提高机体预防疾病、抗手术和麻醉的能力。合理平衡的营养饮食对患者极为重要', 3, 23, 10, 10, 0, 0, 0, 8, '2022-11-17 11:40:10', 'http://172.17.130.162:10010/api/cours/file/bfa29e7e08b14eaaa92654a59ac7f326.jpeg');
INSERT INTO `cours` VALUES (1591439228101914626, '护理1', '1', 4, 26, 1, 0, 0, 0, 0, 8, '2022-11-17 11:40:10', 'http://172.17.130.162:10010/api/cours/file/3ffddc0d0c7c426abae3194d234c42ce.jpg');
INSERT INTO `cours` VALUES (1591439310297694210, '护理0011', '1', 0, 1, 1, 1, 0, 0, 1, 8, '2022-11-17 11:40:10', 'http://172.17.130.162:10010/api/cours/file/3ffddc0d0c7c426abae3194d234c42ce.jpg');
INSERT INTO `cours` VALUES (1591439357609443330, '护理2', '1', 4, 27, 2, 0, 0, 0, 0, 8, '2022-11-17 11:40:10', 'http://172.17.130.162:10010/api/cours/file/3ffddc0d0c7c426abae3194d234c42ce.jpg');
INSERT INTO `cours` VALUES (1591439555710611457, '护理00011', '1', 0, 1, 1, 1, 0, 0, 1, 8, '2022-11-17 11:40:10', 'http://172.17.130.162:10010/api/cours/file/3ffddc0d0c7c426abae3194d234c42ce.jpg');
INSERT INTO `cours` VALUES (1591442199137157122, '77', '1', 0, 1, 1, 1, 0, 0, 1, 8, '2022-11-17 11:40:10', 'http://172.17.130.162:10010/api/cours/file/3ffddc0d0c7c426abae3194d234c42ce.jpg');
INSERT INTO `cours` VALUES (1591444937443049473, '77', '1', 0, 0, 1, 1, 0, 0, 1, 8, '2022-11-17 11:40:10', 'http://172.17.130.162:10010/api/cours/file/3ffddc0d0c7c426abae3194d234c42ce.jpg');
INSERT INTO `cours` VALUES (1591450068603564034, '77', '1', 0, 0, 1, 1, 0, 0, 1, 8, '2022-11-17 11:40:10', 'http://172.17.130.162:10010/api/cours/file/3ffddc0d0c7c426abae3194d234c42ce.jpg');
INSERT INTO `cours` VALUES (1591450780259512321, '66', '2', 0, 1, 1, 1, 0, 0, 1, 8, '2022-11-17 11:40:10', 'http://172.17.130.162:10010/api/cours/file/3ffddc0d0c7c426abae3194d234c42ce.jpg');
INSERT INTO `cours` VALUES (1591618635428978690, '护理3', '1', 4, 28, 3, 0, 0, 0, 0, 8, '2022-11-17 11:40:10', 'http://172.17.130.162:10010/api/cours/file/3ffddc0d0c7c426abae3194d234c42ce.jpg');
INSERT INTO `cours` VALUES (1591618691980779522, '护理00009', '3', 0, 1, 1, 23, 0, 0, 1, 8, '2022-11-17 11:40:10', 'http://172.17.130.162:10010/api/cours/file/3ffddc0d0c7c426abae3194d234c42ce.jpg');
INSERT INTO `cours` VALUES (1591624327724457985, '护理4', '1', 4, 29, 4, 0, 0, 0, 0, 8, '2022-11-17 11:40:10', 'http://172.17.130.162:10010/api/cours/file/3ffddc0d0c7c426abae3194d234c42ce.jpg');
INSERT INTO `cours` VALUES (1591624375359168513, '护理5', '1', 4, 30, 5, 0, 0, 0, 0, 8, '2022-11-17 11:40:10', 'http://172.17.130.162:10010/api/cours/file/3ffddc0d0c7c426abae3194d234c42ce.jpg');
INSERT INTO `cours` VALUES (1591624431965495298, '护理6', '1', 4, 31, 6, 0, 0, 0, 0, 8, '2022-11-17 11:40:10', 'http://172.17.130.162:10010/api/cours/file/3ffddc0d0c7c426abae3194d234c42ce.jpg');
INSERT INTO `cours` VALUES (1591624482485886977, '护理0013', '1', 0, 1, 1, 1, 0, 0, 1, 8, '2022-11-17 11:40:10', 'http://172.17.130.162:10010/api/cours/file/3ffddc0d0c7c426abae3194d234c42ce.jpg');
INSERT INTO `cours` VALUES (1591624772350009346, '护理000131', '32', 2, 17, 12, 23, 0, 0, 1, 8, '2022-11-17 11:40:10', 'http://172.17.130.162:10010/api/cours/file/3ffddc0d0c7c426abae3194d234c42ce.jpg');
INSERT INTO `cours` VALUES (1591626936468299777, '护理0013', '1', 1, 6, 1, 1, 0, 0, 1, 8, '2022-11-17 11:40:10', 'http://172.17.130.162:10010/api/cours/file/3ffddc0d0c7c426abae3194d234c42ce.jpg');
INSERT INTO `cours` VALUES (1591627242782515202, '科技001', '1', 0, 0, 1, 1, 0, 0, 1, 8, '2022-11-17 11:40:10', 'http://172.17.130.162:10010/api/cours/file/3ffddc0d0c7c426abae3194d234c42ce.jpg');
INSERT INTO `cours` VALUES (1591627274642448385, '科技001', '11', 0, 1, 1, 1, 0, 0, 1, 8, '2022-11-17 11:40:10', 'http://172.17.130.162:10010/api/cours/file/3ffddc0d0c7c426abae3194d234c42ce.jpg');
INSERT INTO `cours` VALUES (1591627313532035073, '科技003', '1', 0, 0, 1, 1, 0, 0, 1, 8, '2022-11-17 11:40:10', 'http://172.17.130.162:10010/api/cours/file/3ffddc0d0c7c426abae3194d234c42ce.jpg');
INSERT INTO `cours` VALUES (1591627345123532801, '科技004', '1', 0, 0, 1, 1, 0, 0, 1, 8, '2022-11-17 11:40:10', 'http://172.17.130.162:10010/api/cours/file/3ffddc0d0c7c426abae3194d234c42ce.jpg');
INSERT INTO `cours` VALUES (1591627384877146113, '科技005', '1', 0, 1, 1, 1, 0, 0, 1, 8, '2022-11-17 11:40:10', 'http://172.17.130.162:10010/api/cours/file/3ffddc0d0c7c426abae3194d234c42ce.jpg');
INSERT INTO `cours` VALUES (1591627420209963010, '科技006', '1', 0, 1, 1, 1, 0, 0, 1, 8, '2022-11-17 11:40:10', 'http://172.17.130.162:10010/api/cours/file/3ffddc0d0c7c426abae3194d234c42ce.jpg');
INSERT INTO `cours` VALUES (1591627455484059650, '科技007', '2', 0, 0, 2, 2, 0, 0, 1, 8, '2022-11-17 11:40:10', 'http://172.17.130.162:10010/api/cours/file/3ffddc0d0c7c426abae3194d234c42ce.jpg');
INSERT INTO `cours` VALUES (1591627497552928769, '科技008', '1', 0, 1, 2, 2, 0, 0, 1, 8, '2022-11-17 11:40:10', 'http://172.17.130.162:10010/api/cours/file/3ffddc0d0c7c426abae3194d234c42ce.jpg');
INSERT INTO `cours` VALUES (1591627551302901761, '科技001', '1', 0, 1, 1, 1, 0, 0, 1, 8, '2022-11-17 11:40:10', 'http://172.17.130.162:10010/api/cours/file/3ffddc0d0c7c426abae3194d234c42ce.jpg');
INSERT INTO `cours` VALUES (1591628951571324930, '护理7', '一门很棒的学课', 5, 11, 70, 0, 0, 0, 0, 8, '2022-11-17 11:40:10', 'http://172.17.130.162:10010/api/cours/file/de211f607e444e889630337b596f477b.jpg');
INSERT INTO `cours` VALUES (1591632127947128833, '护理8', '1', 5, 11, 8, 0, 0, 0, 1, 8, '2022-11-17 11:40:10', 'http://172.17.130.162:10010/api/cours/file/3ffddc0d0c7c426abae3194d234c42ce.jpg');
INSERT INTO `cours` VALUES (1591632516926857218, '康复1', '1', 5, 12, 1, 0, 0, 0, 0, 8, '2022-11-17 11:40:10', 'http://172.17.130.162:10010/api/cours/file/3ffddc0d0c7c426abae3194d234c42ce.jpg');
INSERT INTO `cours` VALUES (1591632838281846785, '康复2', '1', 5, 13, 1, 0, 0, 0, 0, 8, '2022-11-17 11:40:10', 'http://172.17.130.162:10010/api/cours/file/3ffddc0d0c7c426abae3194d234c42ce.jpg');
INSERT INTO `cours` VALUES (1591633527800283138, '康复3', '3', 5, 14, 1, 0, 0, 0, 0, 8, '2022-11-17 11:40:10', 'http://172.17.130.162:10010/api/cours/file/3ffddc0d0c7c426abae3194d234c42ce.jpg');
INSERT INTO `cours` VALUES (1591633595550875649, '康复4', '1', 5, 15, 1, 0, 0, 0, 0, 8, '2022-11-17 11:40:10', 'http://172.17.130.162:10010/api/cours/file/3ffddc0d0c7c426abae3194d234c42ce.jpg');
INSERT INTO `cours` VALUES (1591633763713081345, '康复5', '3', 4, 28, 1, 0, 0, 0, 0, 8, '2022-11-17 11:40:10', 'http://172.17.130.162:10010/api/cours/file/3ffddc0d0c7c426abae3194d234c42ce.jpg');
INSERT INTO `cours` VALUES (1591634329168175106, '康复6', '2', 0, 2, 1, 0, 0, 0, 0, 8, '2022-11-17 11:40:10', 'http://172.17.130.162:10010/api/cours/file/3ffddc0d0c7c426abae3194d234c42ce.jpg');
INSERT INTO `cours` VALUES (1591634931612835842, '康复7', '1', 1, 7, 1, 0, 0, 0, 0, 8, '2022-11-17 11:40:10', 'http://172.17.130.162:10010/api/cours/file/3ffddc0d0c7c426abae3194d234c42ce.jpg');
INSERT INTO `cours` VALUES (1591655381336248321, '康复8', '1', 0, 2, 2, 0, 0, 0, 0, 8, '2022-11-17 11:40:11', 'http://172.17.130.162:10010/api/cours/file/3ffddc0d0c7c426abae3194d234c42ce.jpg');
INSERT INTO `cours` VALUES (1591656270126043137, '拓展1', '1', 0, 2, 1, 0, 0, 0, 0, 8, '2022-11-17 11:40:11', 'http://172.17.130.162:10010/api/cours/file/3ffddc0d0c7c426abae3194d234c42ce.jpg');
INSERT INTO `cours` VALUES (1591659436590682113, '拓展2', '3', 0, 2, 1, 0, 0, 0, 0, 8, '2022-11-17 11:40:11', 'http://172.17.130.162:10010/api/cours/file/3ffddc0d0c7c426abae3194d234c42ce.jpg');
INSERT INTO `cours` VALUES (1591660679643975682, '拓展3', '1', 0, 3, 1, 0, 0, 0, 0, 8, '2022-11-17 11:40:11', 'http://172.17.130.162:10010/api/cours/file/3ffddc0d0c7c426abae3194d234c42ce.jpg');
INSERT INTO `cours` VALUES (1591661909250318337, '软件202', '12321', 5, 10, 10, 10, 0, 0, 1, 8, '2022-11-17 11:40:11', 'http://172.17.130.162:10010/api/cours/file/3ffddc0d0c7c426abae3194d234c42ce.jpg');
INSERT INTO `cours` VALUES (1591662252507963394, '拓展4', '1', 0, 1, 1, 0, 0, 0, 0, 8, '2022-11-17 11:40:11', 'http://172.17.130.162:10010/api/cours/file/3ffddc0d0c7c426abae3194d234c42ce.jpg');
INSERT INTO `cours` VALUES (1591663203725778945, '生物001', '3', 4, 30, 1, 0, 0, 0, 1, 8, '2022-11-17 11:40:11', 'http://172.17.130.162:10010/api/cours/file/3ffddc0d0c7c426abae3194d234c42ce.jpg');
INSERT INTO `cours` VALUES (1591664659619028994, '拓展5', '2', 0, 3, 2, 0, 0, 0, 0, 8, '2022-11-17 11:40:11', 'http://172.17.130.162:10010/api/cours/file/3ffddc0d0c7c426abae3194d234c42ce.jpg');
INSERT INTO `cours` VALUES (1591665398697336834, '语文0001', '3', 4, 26, 1, 0, 0, 0, 1, 8, '2022-11-17 11:40:11', 'http://172.17.130.162:10010/api/cours/file/3ffddc0d0c7c426abae3194d234c42ce.jpg');
INSERT INTO `cours` VALUES (1591670010506551298, '拓展6', '1', 0, 2, 1, 0, 0, 0, 0, 8, '2022-11-17 11:40:11', 'http://172.17.130.162:10010/api/cours/file/3ffddc0d0c7c426abae3194d234c42ce.jpg');
INSERT INTO `cours` VALUES (1591670908007915522, '只因12', '10', 0, 2, 10, 0, 0, 0, 1, 8, '2022-11-17 11:40:11', 'http://172.17.130.162:10010/api/cours/file/3ffddc0d0c7c426abae3194d234c42ce.jpg');
INSERT INTO `cours` VALUES (1591671508896489474, '拓展7', '10', 0, 2, 10, 0, 0, 0, 0, 8, '2022-11-22 18:33:16', 'http://172.17.130.162:10010/api/cours/file/3ffddc0d0c7c426abae3194d234c42ce.jpg');
INSERT INTO `cours` VALUES (1591673537748426754, '拓展8', '临床培训', 0, 3, 20.5, 0, 0, 0, 1, 8, '2022-11-17 11:40:11', 'http://172.17.130.162:10010/api/cours/file/3ffddc0d0c7c426abae3194d234c42ce.jpg');
INSERT INTO `cours` VALUES (1591677537843634177, '鼠标', '12', 3, 23, 12, 0, 0, 0, 1, 8, '2022-11-22 18:33:18', 'http://172.17.130.162:10010/api/cours/file/3ffddc0d0c7c426abae3194d234c42ce.jpg');
INSERT INTO `cours` VALUES (1591689864210997249, '地理01', '1', 4, 27, 1, 0, 0, 0, 1, 8, '2022-11-17 11:40:11', 'http://172.17.130.162:10010/api/cours/file/3ffddc0d0c7c426abae3194d234c42ce.jpg');
INSERT INTO `cours` VALUES (1591690629847638017, '生物0003', '3', 3, 21, 1, 0, 0, 0, 1, 8, '2022-11-22 18:33:20', 'http://172.17.130.162:10010/api/cours/file/3ffddc0d0c7c426abae3194d234c42ce.jpg');
INSERT INTO `cours` VALUES (1591690774135889921, '生物006', '3', 4, 28, 1, 0, 0, 0, 1, 8, '2022-11-17 11:40:11', 'http://172.17.130.162:10010/api/cours/file/3ffddc0d0c7c426abae3194d234c42ce.jpg');
INSERT INTO `cours` VALUES (1591693935798050818, '护理211', '111', 0, 4, 1, 0, 0, 0, 1, 8, '2022-11-17 11:40:11', 'http://172.17.130.162:10010/api/cours/file/3ffddc0d0c7c426abae3194d234c42ce.jpg');
INSERT INTO `cours` VALUES (1591694838114476033, '数学0135', '3', 0, 3, 1, 0, 0, 0, 1, 8, '2022-11-17 11:40:11', 'http://172.17.130.162:10010/api/cours/file/3ffddc0d0c7c426abae3194d234c42ce.jpg');
INSERT INTO `cours` VALUES (1591696166911926274, '数学132', '32', 2, 18, 1, 0, 0, 0, 1, 8, '2022-11-17 11:40:11', 'http://172.17.130.162:10010/api/cours/file/3ffddc0d0c7c426abae3194d234c42ce.jpg');
INSERT INTO `cours` VALUES (1591696909286957057, '数学1231', '3', 4, 27, 1, 0, 0, 0, 1, 8, '2022-11-17 11:40:11', 'http://172.17.130.162:10010/api/cours/file/3ffddc0d0c7c426abae3194d234c42ce.jpg');
INSERT INTO `cours` VALUES (1591698562094391297, '数学111', '3', 4, 27, 1, 0, 0, 0, 1, 8, '2022-11-17 11:40:11', 'http://172.17.130.162:10010/api/cours/file/3ffddc0d0c7c426abae3194d234c42ce.jpg');
INSERT INTO `cours` VALUES (1591698747721703425, '数学112', '1', 4, 27, 1, 0, 0, 0, 1, 8, '2022-11-17 11:40:11', 'http://172.17.130.162:10010/api/cours/file/3ffddc0d0c7c426abae3194d234c42ce.jpg');
INSERT INTO `cours` VALUES (1591699119479644162, '数学001', '1', 4, 27, 1, 0, 0, 0, 1, 8, '2022-11-17 11:40:11', 'http://172.17.130.162:10010/api/cours/file/3ffddc0d0c7c426abae3194d234c42ce.jpg');
INSERT INTO `cours` VALUES (1591699542294847489, '数学002', '3', 4, 27, 1, 0, 0, 0, 1, 8, '2022-11-17 11:40:11', 'http://172.17.130.162:10010/api/cours/file/3ffddc0d0c7c426abae3194d234c42ce.jpg');
INSERT INTO `cours` VALUES (1591700016716767233, '数学0003', '1', 4, 27, 1, 0, 0, 0, 1, 8, '2022-11-17 11:40:11', 'http://172.17.130.162:10010/api/cours/file/3ffddc0d0c7c426abae3194d234c42ce.jpg');
INSERT INTO `cours` VALUES (1591700496352206849, '数学0006', '3', 4, 27, 1, 0, 0, 0, 1, 8, '2022-11-17 11:40:11', 'http://172.17.130.162:10010/api/cours/file/3ffddc0d0c7c426abae3194d234c42ce.jpg');
INSERT INTO `cours` VALUES (1591701231810830337, '数学007', '3', 4, 27, 1, 0, 0, 0, 1, 8, '2022-11-17 11:40:11', 'http://172.17.130.162:10010/api/cours/file/3ffddc0d0c7c426abae3194d234c42ce.jpg');
INSERT INTO `cours` VALUES (1591702336280125442, '数学0007', '3', 0, 3, 1, 0, 0, 0, 1, 8, '2022-11-17 11:40:11', 'http://172.17.130.162:10010/api/cours/file/3ffddc0d0c7c426abae3194d234c42ce.jpg');
INSERT INTO `cours` VALUES (1591703228056264705, '数学0008', '3', 4, 27, 1, 0, 0, 0, 1, 8, '2022-11-17 11:40:11', 'http://172.17.130.162:10010/api/cours/file/3ffddc0d0c7c426abae3194d234c42ce.jpg');
INSERT INTO `cours` VALUES (1591704716358901761, '护理0001', '3', 0, 4, 1, 0, 0, 0, 1, 8, '2022-11-17 11:40:11', 'http://172.17.130.162:10010/api/cours/file/3ffddc0d0c7c426abae3194d234c42ce.jpg');
INSERT INTO `cours` VALUES (1591705446620782594, '生物0012', '1', 4, 29, 1, 0, 0, 0, 1, 8, '2022-11-17 11:40:11', 'http://172.17.130.162:10010/api/cours/file/3ffddc0d0c7c426abae3194d234c42ce.jpg');
INSERT INTO `cours` VALUES (1591709406693875713, '地理003', '3', 0, 2, 1, 0, 0, 0, 1, 8, '2022-11-17 11:40:11', 'http://172.17.130.162:10010/api/cours/file/3ffddc0d0c7c426abae3194d234c42ce.jpg');
INSERT INTO `cours` VALUES (1592343013443739649, 'C语言程序设计', 'C语言是一门面向过程的、抽象化的通用程序设计语言，广泛应用于底层开发。C语言能以简易的方式编译、处理低级存储器。C语言是仅产生少量的机器语言以及不需要任何运行环境支持便能运行的高效率程序设计语言。尽管C语言提供了许多低级处理的功能，但仍然保持着跨平台的特性，以一个标准规格写出的C语言程序可在包括类似嵌入式处理器以及超级计算机等作业平台的许多计算机平台上进行编译', 5, 12, 20, 0, 0, 0, 1, 8, '2022-11-17 11:40:11', 'http://172.17.130.162:10010/api/cours/file/3ffddc0d0c7c426abae3194d234c42ce.jpg');
INSERT INTO `cours` VALUES (1593083685498998786, '因11', '临床培训', 5, 1, 20.5, 0, 0, 0, 1, 8, '2022-11-21 14:41:54', 'http://172.17.130.162:10010/api/cours/file/3ffddc0d0c7c426abae3194d234c42ce.jpg');
INSERT INTO `cours` VALUES (1594917356971438081, '因11', '临床培训123', 5, 1, 20.5, 0, 0, 0, 1, 23, '2022-11-23 09:00:14', NULL);

-- ----------------------------
-- Table structure for cours_tea
-- ----------------------------
DROP TABLE IF EXISTS `cours_tea`;
CREATE TABLE `cours_tea`  (
  `id` int NOT NULL AUTO_INCREMENT,
  `cou_id` bigint NOT NULL COMMENT '课程id',
  `tea_id` int NOT NULL COMMENT '教师id',
  PRIMARY KEY (`id`) USING BTREE,
  INDEX `cou_id`(`cou_id`) USING BTREE,
  INDEX `tea_id`(`tea_id`) USING BTREE,
  CONSTRAINT `cours_tea_ibfk_1` FOREIGN KEY (`cou_id`) REFERENCES `cours` (`cou_id`) ON DELETE RESTRICT ON UPDATE RESTRICT,
  CONSTRAINT `cours_tea_ibfk_2` FOREIGN KEY (`tea_id`) REFERENCES `t_user` (`id`) ON DELETE RESTRICT ON UPDATE RESTRICT
) ENGINE = InnoDB AUTO_INCREMENT = 5 CHARACTER SET = utf8mb4 COLLATE = utf8mb4_0900_ai_ci ROW_FORMAT = Dynamic;

-- ----------------------------
-- Records of cours_tea
-- ----------------------------
INSERT INTO `cours_tea` VALUES (2, 1, 8);
INSERT INTO `cours_tea` VALUES (3, 2, 8);
INSERT INTO `cours_tea` VALUES (4, 1, 23);
INSERT INTO `cours_tea` VALUES (5, 2, 23);

-- ----------------------------
-- Table structure for cours_type
-- ----------------------------
DROP TABLE IF EXISTS `cours_type`;
CREATE TABLE `cours_type`  (
  `id` int NOT NULL AUTO_INCREMENT COMMENT 'id',
  `cou_type` varchar(10) CHARACTER SET utf8mb4 COLLATE utf8mb4_0900_ai_ci NOT NULL COMMENT '课程类别',
  `cou_parent_type` int NULL DEFAULT NULL COMMENT '父类别id',
  `photo` longtext CHARACTER SET utf8mb4 COLLATE utf8mb4_0900_ai_ci NULL COMMENT '图片',
  PRIMARY KEY (`id`) USING BTREE,
  INDEX `cou_type`(`cou_type`) USING BTREE,
  INDEX `cou_parent_type`(`cou_parent_type`) USING BTREE
) ENGINE = InnoDB CHARACTER SET = utf8mb4 COLLATE = utf8mb4_0900_ai_ci ROW_FORMAT = Dynamic;

-- ----------------------------
-- Records of cours_type
-- ----------------------------
INSERT INTO `cours_type` VALUES (3, '护理类', 0, 'http://localhost:10010/api/cours/file/0c8ae037f19f4259a04a7c48d5f44e41.png');
INSERT INTO `cours_type` VALUES (4, '临床类', 1, 'http://localhost:10010/api/cours/file/6af49c991570473c80b28c527168d7df.png');
INSERT INTO `cours_type` VALUES (5, '实践类', 2, 'http://localhost:10010/api/cours/file/dcc87e08193f4b5a965d704a34291f61.png');
INSERT INTO `cours_type` VALUES (6, '医药学', 3, 'http://localhost:10010/api/cours/file/fdae56d06e024c7583d6f5847dcec326.png');
INSERT INTO `cours_type` VALUES (7, '文化课程', 4, 'http://localhost:10010/api/cours/file/1aad330e1e5f42708e71602674438be3.png');
INSERT INTO `cours_type` VALUES (8, '信息类', 5, 'http://localhost:10010/api/cours/file/6c55b8355e1349abbb3dddf30f0915d7.png');

-- ----------------------------
-- Table structure for course_appraise
-- ----------------------------
DROP TABLE IF EXISTS `course_appraise`;
CREATE TABLE `course_appraise`  (
  `id` int NOT NULL AUTO_INCREMENT COMMENT 'id',
  `cou_id` bigint NOT NULL COMMENT '课程',
  `stu_id` int NOT NULL COMMENT '学生',
  `cou_appraise` varchar(255) CHARACTER SET utf8mb4 COLLATE utf8mb4_0900_ai_ci NULL DEFAULT NULL COMMENT '课程评价',
  `date` timestamp(0) NOT NULL DEFAULT CURRENT_TIMESTAMP(0) ON UPDATE CURRENT_TIMESTAMP(0) COMMENT '更新时间',
  PRIMARY KEY (`id`) USING BTREE,
  INDEX `cou_id`(`cou_id`) USING BTREE,
  INDEX `stu_id`(`stu_id`) USING BTREE,
  CONSTRAINT `course_appraise_ibfk_1` FOREIGN KEY (`cou_id`) REFERENCES `cours` (`cou_id`) ON DELETE RESTRICT ON UPDATE RESTRICT,
  CONSTRAINT `course_appraise_ibfk_2` FOREIGN KEY (`stu_id`) REFERENCES `student` (`stu_id`) ON DELETE RESTRICT ON UPDATE RESTRICT
) ENGINE = InnoDB AUTO_INCREMENT = 12 CHARACTER SET = utf8mb4 COLLATE = utf8mb4_0900_ai_ci ROW_FORMAT = Dynamic;

-- ----------------------------
-- Records of course_appraise
-- ----------------------------
INSERT INTO `course_appraise` VALUES (1, 1, 9, '这是这个课程的评论', '2022-11-25 23:28:41');
INSERT INTO `course_appraise` VALUES (3, 2, 9, '这课程太棒啦!!!', '2022-11-25 23:28:41');
INSERT INTO `course_appraise` VALUES (5, 3, 9, '这课程太棒啦!!!', '2022-11-25 23:28:41');
INSERT INTO `course_appraise` VALUES (7, 1, 9, '这课程太棒啦11!!!', '2022-11-25 23:28:41');
INSERT INTO `course_appraise` VALUES (9, 2, 9, '11', '2022-11-28 21:23:45');
INSERT INTO `course_appraise` VALUES (10, 2, 9, '111', '2022-11-29 22:21:25');
INSERT INTO `course_appraise` VALUES (11, 1, 9, '真的很好', '2022-11-29 23:59:51');
INSERT INTO `course_appraise` VALUES (12, 1, 9, '加油哦', '2022-11-30 00:06:47');

-- ----------------------------
-- Table structure for course_chapter_appraise
-- ----------------------------
DROP TABLE IF EXISTS `course_chapter_appraise`;
CREATE TABLE `course_chapter_appraise`  (
  `id` int NOT NULL AUTO_INCREMENT COMMENT 'id',
  `cou_id` bigint NOT NULL COMMENT '课程id\r\n\r\n',
  `cha_id` bigint NOT NULL COMMENT '章节id',
  `stu_id` int NOT NULL COMMENT '学生id',
  `cha_appraise` varchar(500) CHARACTER SET utf8mb4 COLLATE utf8mb4_0900_ai_ci NULL DEFAULT NULL COMMENT '章节评价',
  PRIMARY KEY (`id`) USING BTREE,
  INDEX `cou_id`(`cou_id`) USING BTREE,
  INDEX `cha_id`(`cha_id`) USING BTREE,
  INDEX `stu_id`(`stu_id`) USING BTREE,
  CONSTRAINT `course_chapter_appraise_ibfk_1` FOREIGN KEY (`cou_id`) REFERENCES `cours` (`cou_id`) ON DELETE RESTRICT ON UPDATE RESTRICT,
  CONSTRAINT `course_chapter_appraise_ibfk_2` FOREIGN KEY (`cha_id`) REFERENCES `chapter` (`cha_id`) ON DELETE RESTRICT ON UPDATE RESTRICT,
  CONSTRAINT `course_chapter_appraise_ibfk_3` FOREIGN KEY (`stu_id`) REFERENCES `student` (`stu_id`) ON DELETE RESTRICT ON UPDATE RESTRICT
) ENGINE = InnoDB AUTO_INCREMENT = 2 CHARACTER SET = utf8mb4 COLLATE = utf8mb4_0900_ai_ci ROW_FORMAT = Dynamic;

-- ----------------------------
-- Records of course_chapter_appraise
-- ----------------------------
INSERT INTO `course_chapter_appraise` VALUES (1, 1, 1, 9, '对这个课程第一章节评论');
INSERT INTO `course_chapter_appraise` VALUES (2, 1, 2, 9, '这是章节二的评论');

-- ----------------------------
-- Table structure for course_interaction
-- ----------------------------
DROP TABLE IF EXISTS `course_interaction`;
CREATE TABLE `course_interaction`  (
  `id` int NOT NULL AUTO_INCREMENT COMMENT 'id',
  `cou_id` bigint NULL DEFAULT NULL COMMENT '课程id',
  `stu_id` int NOT NULL COMMENT '学生id',
  `collect` tinyint NOT NULL DEFAULT 0 COMMENT '是否收藏',
  `have` tinyint NOT NULL DEFAULT 0 COMMENT '是否购买',
  `recommend` tinyint NOT NULL DEFAULT 0 COMMENT '是否点赞',
  PRIMARY KEY (`id`) USING BTREE,
  INDEX `cou_id`(`cou_id`) USING BTREE,
  INDEX `stu_id`(`stu_id`) USING BTREE,
  CONSTRAINT `course_interaction_ibfk_1` FOREIGN KEY (`cou_id`) REFERENCES `cours` (`cou_id`) ON DELETE RESTRICT ON UPDATE RESTRICT,
  CONSTRAINT `course_interaction_ibfk_2` FOREIGN KEY (`stu_id`) REFERENCES `student` (`stu_id`) ON DELETE RESTRICT ON UPDATE RESTRICT
) ENGINE = InnoDB AUTO_INCREMENT = 43 CHARACTER SET = utf8mb4 COLLATE = utf8mb4_0900_ai_ci ROW_FORMAT = Dynamic;

-- ----------------------------
-- Records of course_interaction
-- ----------------------------
INSERT INTO `course_interaction` VALUES (4, 1, 9, 1, 0, 1);
INSERT INTO `course_interaction` VALUES (5, 2, 9, 0, 1, 1);
INSERT INTO `course_interaction` VALUES (8, 7, 9, 1, 1, 1);
INSERT INTO `course_interaction` VALUES (12, 4, 9, 0, 1, 1);
INSERT INTO `course_interaction` VALUES (13, 1, 17, 0, 0, 1);
INSERT INTO `course_interaction` VALUES (14, 2, 17, 0, 0, 1);
INSERT INTO `course_interaction` VALUES (38, 3, 9, 0, 0, 1);
INSERT INTO `course_interaction` VALUES (41, 1583001105646882817, 9, 0, 1, 0);
INSERT INTO `course_interaction` VALUES (42, 6, 9, 0, 0, 1);
INSERT INTO `course_interaction` VALUES (43, 5, 9, 1, 0, 0);

-- ----------------------------
-- Table structure for file
-- ----------------------------
DROP TABLE IF EXISTS `file`;
CREATE TABLE `file`  (
  `id` int NOT NULL AUTO_INCREMENT COMMENT 'id',
  `name` varchar(255) CHARACTER SET utf8mb3 COLLATE utf8mb3_bin NOT NULL COMMENT '文件名称',
  `type` varchar(255) CHARACTER SET utf8mb3 COLLATE utf8mb3_bin NULL DEFAULT NULL COMMENT '文件类型',
  `size` bigint NULL DEFAULT NULL COMMENT '文件大小（kb）',
  `url` varchar(255) CHARACTER SET utf8mb3 COLLATE utf8mb3_bin NULL DEFAULT NULL COMMENT '下载链接',
  `is_delete` tinyint(1) NULL DEFAULT 0 COMMENT '是否删除',
  `enable` tinyint(1) NULL DEFAULT 1 COMMENT '是否禁用链接',
  `md5` varchar(255) CHARACTER SET utf8mb3 COLLATE utf8mb3_bin NULL DEFAULT NULL COMMENT '文件md5',
  `upload_time` timestamp(0) NULL DEFAULT CURRENT_TIMESTAMP(0) ON UPDATE CURRENT_TIMESTAMP(0) COMMENT '上传时间',
  PRIMARY KEY (`id`) USING BTREE
) ENGINE = InnoDB AUTO_INCREMENT = 211 CHARACTER SET = utf8mb3 COLLATE = utf8mb3_bin ROW_FORMAT = DYNAMIC;

-- ----------------------------
-- Records of file
-- ----------------------------
INSERT INTO `file` VALUES (109, '微信图片_20221115153836.png', 'png', 87, 'http://172.17.130.162:10010/api/cours/file/edcbe5a9de904a3e89e4b92dbb4e9404.png', 0, 0, 'c377e858b83ed33aac743fff3e65adba', '2022-11-17 11:37:51');
INSERT INTO `file` VALUES (110, 'huli1.jpg', 'jpg', 25, 'http://localhost:10010/api/cours/file/3ffddc0d0c7c426abae3194d234c42ce.jpg', 0, 0, '6a74bd3f2a2203a915628761950ff185', '2022-12-03 22:27:09');
INSERT INTO `file` VALUES (111, 'huli3.jpg', 'jpg', 65, 'http://172.17.130.162:10010/api/cours/file/a832906ec2b14e00a2b809cd91f89711.jpg', 0, 0, '02f303784c610b12f746ec6cc9082ae4', '2022-11-17 13:05:23');
INSERT INTO `file` VALUES (112, 'huli2.png', 'png', 1328, 'http://172.17.130.162:10010/api/cours/file/59c8c5cd93ca42ce9e9a575378c5573e.png', 0, 0, '95f9520e40721b86455ca10ca8bb5633', '2022-11-18 15:23:34');
INSERT INTO `file` VALUES (113, 'accc71469b4948dfaa62389bdbd19f46.jpeg', 'jpeg', 181, 'http://172.17.130.162:10010/api/cours/file/075719fe90934718a3dc9de10730ab29.jpeg', 0, 0, '20a22df7d46716e92f1967560e8f6877', '2022-11-19 10:16:25');
INSERT INTO `file` VALUES (114, 'weilong.jpg', 'jpg', 114, 'http://172.17.130.162:10010/api/cours/file/c2146c08e568409a80916e4098b4df50.jpg', 0, 0, 'ab4b900b325194d97e5838d0629fb871', '2022-11-19 10:20:13');
INSERT INTO `file` VALUES (115, 't1.jpg', 'jpg', 93, 'http://172.17.130.162:10010/api/cours/file/75ca9a40b78640aabf7b79ab3a3bed70.jpg', 0, 0, '7d4daf680b0b0aef1cfab07d28b1caf2', '2022-11-20 22:14:05');
INSERT INTO `file` VALUES (116, 't1.jpg', 'jpg', 93, 'http://172.17.130.162:10010/api/cours/file/75ca9a40b78640aabf7b79ab3a3bed70.jpg', 0, 0, '7d4daf680b0b0aef1cfab07d28b1caf2', '2022-11-20 22:16:24');
INSERT INTO `file` VALUES (117, 't1.jpg', 'jpg', 93, 'http://172.17.130.162:10010/api/cours/file/75ca9a40b78640aabf7b79ab3a3bed70.jpg', 0, 0, '7d4daf680b0b0aef1cfab07d28b1caf2', '2022-11-20 22:24:50');
INSERT INTO `file` VALUES (118, 't2.jpg', 'jpg', 296, 'http://172.17.130.162:10010/api/cours/file/ec663d22069f447abb21cee0918bc429.jpg', 0, 0, 'b09da4543421bcbb910a4076bb0d1584', '2022-11-20 22:27:45');
INSERT INTO `file` VALUES (119, 't2.jpg', 'jpg', 296, 'http://172.17.130.162:10010/api/cours/file/ec663d22069f447abb21cee0918bc429.jpg', 0, 0, 'b09da4543421bcbb910a4076bb0d1584', '2022-11-20 22:30:45');
INSERT INTO `file` VALUES (120, 't2.jpg', 'jpg', 296, 'http://172.17.130.162:10010/api/cours/file/ec663d22069f447abb21cee0918bc429.jpg', 0, 0, 'b09da4543421bcbb910a4076bb0d1584', '2022-11-20 22:34:53');
INSERT INTO `file` VALUES (121, 't1.jpg', 'jpg', 93, 'http://172.17.130.162:10010/api/cours/file/75ca9a40b78640aabf7b79ab3a3bed70.jpg', 0, 0, '7d4daf680b0b0aef1cfab07d28b1caf2', '2022-11-20 22:36:22');
INSERT INTO `file` VALUES (122, 'accc71469b4948dfaa62389bdbd19f46.jpeg', 'jpeg', 181, 'http://172.17.130.162:10010/api/cours/file/075719fe90934718a3dc9de10730ab29.jpeg', 0, 0, '20a22df7d46716e92f1967560e8f6877', '2022-11-20 22:39:12');
INSERT INTO `file` VALUES (123, 't3.jpg', 'jpg', 553, 'http://172.17.130.162:10010/api/cours/file/18048b5a306b4ea8b68724156a7aca76.jpg', 0, 0, '49b3df0f6f1a11f9459be96481153a96', '2022-11-20 22:42:11');
INSERT INTO `file` VALUES (124, 't1.jpg', 'jpg', 93, 'http://172.17.130.162:10010/api/cours/file/75ca9a40b78640aabf7b79ab3a3bed70.jpg', 0, 0, '7d4daf680b0b0aef1cfab07d28b1caf2', '2022-11-20 22:49:33');
INSERT INTO `file` VALUES (125, 't1.jpg', 'jpg', 93, 'http://172.17.130.162:10010/api/cours/file/75ca9a40b78640aabf7b79ab3a3bed70.jpg', 0, 0, '7d4daf680b0b0aef1cfab07d28b1caf2', '2022-11-20 22:52:07');
INSERT INTO `file` VALUES (126, 't2.jpg', 'jpg', 296, 'http://172.17.130.162:10010/api/cours/file/ec663d22069f447abb21cee0918bc429.jpg', 0, 0, 'b09da4543421bcbb910a4076bb0d1584', '2022-11-20 22:54:39');
INSERT INTO `file` VALUES (127, 't2.jpg', 'jpg', 296, 'http://172.17.130.162:10010/api/cours/file/ec663d22069f447abb21cee0918bc429.jpg', 0, 0, 'b09da4543421bcbb910a4076bb0d1584', '2022-11-20 23:00:30');
INSERT INTO `file` VALUES (128, 't2.jpg', 'jpg', 296, 'http://172.17.130.162:10010/api/cours/file/ec663d22069f447abb21cee0918bc429.jpg', 0, 0, 'b09da4543421bcbb910a4076bb0d1584', '2022-11-20 23:01:41');
INSERT INTO `file` VALUES (129, 't2.jpg', 'jpg', 296, 'http://172.17.130.162:10010/api/cours/file/ec663d22069f447abb21cee0918bc429.jpg', 0, 0, 'b09da4543421bcbb910a4076bb0d1584', '2022-11-20 23:02:56');
INSERT INTO `file` VALUES (130, 't2.jpg', 'jpg', 296, 'http://172.17.130.162:10010/api/cours/file/ec663d22069f447abb21cee0918bc429.jpg', 0, 0, 'b09da4543421bcbb910a4076bb0d1584', '2022-11-20 23:05:34');
INSERT INTO `file` VALUES (131, 't2.jpg', 'jpg', 296, 'http://172.17.130.162:10010/api/cours/file/ec663d22069f447abb21cee0918bc429.jpg', 0, 0, 'b09da4543421bcbb910a4076bb0d1584', '2022-11-20 23:09:15');
INSERT INTO `file` VALUES (132, 't2.jpg', 'jpg', 296, 'http://172.17.130.162:10010/api/cours/file/ec663d22069f447abb21cee0918bc429.jpg', 0, 0, 'b09da4543421bcbb910a4076bb0d1584', '2022-11-20 23:11:40');
INSERT INTO `file` VALUES (133, 't1.jpg', 'jpg', 93, 'http://172.17.130.162:10010/api/cours/file/75ca9a40b78640aabf7b79ab3a3bed70.jpg', 0, 0, '7d4daf680b0b0aef1cfab07d28b1caf2', '2022-11-20 23:14:14');
INSERT INTO `file` VALUES (134, 't2.jpg', 'jpg', 296, 'http://172.17.130.162:10010/api/cours/file/ec663d22069f447abb21cee0918bc429.jpg', 0, 0, 'b09da4543421bcbb910a4076bb0d1584', '2022-11-20 23:17:17');
INSERT INTO `file` VALUES (135, 't2.jpg', 'jpg', 296, 'http://172.17.130.162:10010/api/cours/file/ec663d22069f447abb21cee0918bc429.jpg', 0, 0, 'b09da4543421bcbb910a4076bb0d1584', '2022-11-20 23:18:39');
INSERT INTO `file` VALUES (136, 't2.jpg', 'jpg', 296, 'http://172.17.130.162:10010/api/cours/file/ec663d22069f447abb21cee0918bc429.jpg', 0, 0, 'b09da4543421bcbb910a4076bb0d1584', '2022-11-20 23:24:47');
INSERT INTO `file` VALUES (137, 't2.jpg', 'jpg', 296, 'http://172.17.130.162:10010/api/cours/file/ec663d22069f447abb21cee0918bc429.jpg', 0, 0, 'b09da4543421bcbb910a4076bb0d1584', '2022-11-20 23:25:16');
INSERT INTO `file` VALUES (138, 't3.jpg', 'jpg', 553, 'http://172.17.130.162:10010/api/cours/file/18048b5a306b4ea8b68724156a7aca76.jpg', 0, 0, '49b3df0f6f1a11f9459be96481153a96', '2022-11-21 10:33:09');
INSERT INTO `file` VALUES (139, 't1.jpg', 'jpg', 93, 'http://172.17.130.162:10010/api/cours/file/75ca9a40b78640aabf7b79ab3a3bed70.jpg', 0, 0, '7d4daf680b0b0aef1cfab07d28b1caf2', '2022-11-21 10:36:49');
INSERT INTO `file` VALUES (140, 't1.jpg', 'jpg', 93, 'http://172.17.130.162:10010/api/cours/file/75ca9a40b78640aabf7b79ab3a3bed70.jpg', 0, 0, '7d4daf680b0b0aef1cfab07d28b1caf2', '2022-11-21 10:38:06');
INSERT INTO `file` VALUES (141, 't1.jpg', 'jpg', 93, 'http://172.17.130.162:10010/api/cours/file/75ca9a40b78640aabf7b79ab3a3bed70.jpg', 0, 0, '7d4daf680b0b0aef1cfab07d28b1caf2', '2022-11-21 10:39:53');
INSERT INTO `file` VALUES (142, 't1.jpg', 'jpg', 93, 'http://172.17.130.162:10010/api/cours/file/75ca9a40b78640aabf7b79ab3a3bed70.jpg', 0, 0, '7d4daf680b0b0aef1cfab07d28b1caf2', '2022-11-21 10:43:36');
INSERT INTO `file` VALUES (143, 't3.jpg', 'jpg', 553, 'http://172.17.130.162:10010/api/cours/file/18048b5a306b4ea8b68724156a7aca76.jpg', 0, 0, '49b3df0f6f1a11f9459be96481153a96', '2022-11-21 10:46:22');
INSERT INTO `file` VALUES (144, 't3.jpg', 'jpg', 553, 'http://172.17.130.162:10010/api/cours/file/18048b5a306b4ea8b68724156a7aca76.jpg', 0, 0, '49b3df0f6f1a11f9459be96481153a96', '2022-11-21 10:50:54');
INSERT INTO `file` VALUES (145, '1bbf94b349504a388f1cc452d22511fe.jpg', 'jpg', 8, 'http://172.17.130.162:10010/api/cours/file/8632161ec8624d9da13b88ec04dad363.jpg', 0, 0, 'dcf64ddad80397a92875c58c3df40f0b', '2022-11-21 10:54:04');
INSERT INTO `file` VALUES (146, '2b2282dbd74b4fb98653211417cf92e7.jpg', 'jpg', 7, 'http://172.17.130.162:10010/api/cours/file/ba27ef4969cc4e948acf16c598f5361b.jpg', 0, 0, '63504c5df09191448500dd0d14a1c555', '2022-11-21 11:00:24');
INSERT INTO `file` VALUES (147, '99f5e395773d467d9e35fec248a59889.jpg', 'jpg', 17, 'http://172.17.130.162:10010/api/cours/file/788ec121cb154a43803ee49add05b5d7.jpg', 0, 0, 'a4fc7df6908a7e0778ff3772be22b02f', '2022-11-21 11:00:57');
INSERT INTO `file` VALUES (148, 'tx1.jpg', 'jpg', 93, 'http://172.17.130.162:10010/api/cours/file/75ca9a40b78640aabf7b79ab3a3bed70.jpg', 0, 0, '7d4daf680b0b0aef1cfab07d28b1caf2', '2022-11-21 11:01:03');
INSERT INTO `file` VALUES (149, 'tx3.jpg', 'jpg', 553, 'http://172.17.130.162:10010/api/cours/file/18048b5a306b4ea8b68724156a7aca76.jpg', 0, 0, '49b3df0f6f1a11f9459be96481153a96', '2022-11-21 11:01:29');
INSERT INTO `file` VALUES (150, 'tx2.jpg', 'jpg', 296, 'http://172.17.130.162:10010/api/cours/file/ec663d22069f447abb21cee0918bc429.jpg', 0, 0, 'b09da4543421bcbb910a4076bb0d1584', '2022-11-21 11:06:17');
INSERT INTO `file` VALUES (151, 'tx3.jpg', 'jpg', 553, 'http://172.17.130.162:10010/api/cours/file/18048b5a306b4ea8b68724156a7aca76.jpg', 0, 0, '49b3df0f6f1a11f9459be96481153a96', '2022-11-21 16:07:50');
INSERT INTO `file` VALUES (152, 'tx2.jpg', 'jpg', 296, 'http://172.17.130.162:10010/api/cours/file/ec663d22069f447abb21cee0918bc429.jpg', 0, 0, 'b09da4543421bcbb910a4076bb0d1584', '2022-11-21 16:15:22');
INSERT INTO `file` VALUES (153, 'tx1.jpg', 'jpg', 93, 'http://172.17.130.162:10010/api/cours/file/75ca9a40b78640aabf7b79ab3a3bed70.jpg', 0, 0, '7d4daf680b0b0aef1cfab07d28b1caf2', '2022-11-21 16:15:34');
INSERT INTO `file` VALUES (154, 'tx2.jpg', 'jpg', 296, 'http://172.17.130.162:10010/api/cours/file/ec663d22069f447abb21cee0918bc429.jpg', 0, 0, 'b09da4543421bcbb910a4076bb0d1584', '2022-11-21 16:16:19');
INSERT INTO `file` VALUES (155, 'tx1.jpg', 'jpg', 93, 'http://172.17.130.162:10010/api/cours/file/75ca9a40b78640aabf7b79ab3a3bed70.jpg', 0, 0, '7d4daf680b0b0aef1cfab07d28b1caf2', '2022-11-21 16:17:30');
INSERT INTO `file` VALUES (156, 'tx3.jpg', 'jpg', 553, 'http://172.17.130.162:10010/api/cours/file/18048b5a306b4ea8b68724156a7aca76.jpg', 0, 0, '49b3df0f6f1a11f9459be96481153a96', '2022-11-23 09:45:28');
INSERT INTO `file` VALUES (157, 'huli4.jpg', 'jpg', 79, 'http://172.17.130.162:10010/api/cours/file/9bd7b24b0e254895a4ca15632ce1d5c8.jpg', 0, 0, '3917ebdd093956cf8ff0d0fcc18ef2cb', '2022-11-24 16:19:02');
INSERT INTO `file` VALUES (158, 'huli4.jpg', 'jpg', 79, 'http://172.17.130.162:10010/api/cours/file/9bd7b24b0e254895a4ca15632ce1d5c8.jpg', 0, 0, '3917ebdd093956cf8ff0d0fcc18ef2cb', '2022-11-24 16:19:15');
INSERT INTO `file` VALUES (159, 'huli5.jpg', 'jpg', 8, 'http://172.17.130.162:10010/api/cours/file/0994533485b94e958f4556486597ba4a.jpg', 0, 0, '37d2545f84283c8242feda935760ef25', '2022-11-24 16:20:04');
INSERT INTO `file` VALUES (160, 'huli5.jpg', 'jpg', 8, 'http://172.17.130.162:10010/api/cours/file/0994533485b94e958f4556486597ba4a.jpg', 0, 0, '37d2545f84283c8242feda935760ef25', '2022-11-24 16:21:51');
INSERT INTO `file` VALUES (161, 'huli5.jpg', 'jpg', 8, 'http://172.17.130.162:10010/api/cours/file/0994533485b94e958f4556486597ba4a.jpg', 0, 0, '37d2545f84283c8242feda935760ef25', '2022-11-24 16:42:16');
INSERT INTO `file` VALUES (162, 'huli5.jpg', 'jpg', 8, 'http://172.17.130.162:10010/api/cours/file/0994533485b94e958f4556486597ba4a.jpg', 0, 0, '37d2545f84283c8242feda935760ef25', '2022-11-24 16:45:15');
INSERT INTO `file` VALUES (163, 'huli6.jpg', 'jpg', 23, 'http://172.17.130.162:10010/api/cours/file/98afa7efeb2b4690ba22ced0059790e2.jpg', 0, 0, '5ae693801d0c6a8138761b3a3d52c96c', '2022-11-24 16:52:08');
INSERT INTO `file` VALUES (164, 'tx3.jpg', 'jpg', 553, 'http://172.17.130.162:10010/api/cours/file/18048b5a306b4ea8b68724156a7aca76.jpg', 0, 0, '49b3df0f6f1a11f9459be96481153a96', '2022-11-24 16:52:57');
INSERT INTO `file` VALUES (165, 'huli5.jpg', 'jpg', 8, 'http://172.17.130.162:10010/api/cours/file/0994533485b94e958f4556486597ba4a.jpg', 0, 0, '37d2545f84283c8242feda935760ef25', '2022-11-24 16:59:30');
INSERT INTO `file` VALUES (166, 'huli4.jpg', 'jpg', 79, 'http://172.17.130.162:10010/api/cours/file/9bd7b24b0e254895a4ca15632ce1d5c8.jpg', 0, 0, '3917ebdd093956cf8ff0d0fcc18ef2cb', '2022-11-24 16:59:40');
INSERT INTO `file` VALUES (167, 'blog-sc2.jpg', 'jpg', 120, 'http://172.17.130.162:10010/api/cours/file/5902bbcbe2644eb1ad24a4c21aa8c627.jpg', 0, 0, '53ab21cf15e2c3ca51f938f8129e7c19', '2022-11-24 17:00:57');
INSERT INTO `file` VALUES (168, 'blog-sc4.jpg', 'jpg', 160, 'http://172.17.130.162:10010/api/cours/file/ce35f98b6db14fc2a9db2177ffdbd854.jpg', 0, 0, '9b9b4aa94f5540579fe27197ddb362d4', '2022-11-24 17:01:02');
INSERT INTO `file` VALUES (169, '微信图片_20221127213700.png', 'png', 5, 'http://172.17.130.162:10010/api/cours/file/0c8ae037f19f4259a04a7c48d5f44e41.png', 0, 0, '9860670f3d529c10e414ca5e22e3773f', '2022-11-27 21:37:40');
INSERT INTO `file` VALUES (170, '微信图片_20221127213700.png', 'png', 5, 'http://172.17.130.162:10010/api/cours/file/0c8ae037f19f4259a04a7c48d5f44e41.png', 0, 0, '9860670f3d529c10e414ca5e22e3773f', '2022-11-27 21:41:56');
INSERT INTO `file` VALUES (171, '微信图片_202211272137001.png', 'png', 6, 'http://172.17.130.162:10010/api/cours/file/6af49c991570473c80b28c527168d7df.png', 0, 0, '83bc122f010333e96d55cf2c5ac6b8b6', '2022-11-27 21:43:12');
INSERT INTO `file` VALUES (172, '微信图片_202211272137002.png', 'png', 16, 'http://172.17.130.162:10010/api/cours/file/dcc87e08193f4b5a965d704a34291f61.png', 0, 0, 'ebef5a7b0afb9ce7dc7889d67d179638', '2022-11-27 21:43:21');
INSERT INTO `file` VALUES (173, '微信图片_202211272137003.png', 'png', 4, 'http://172.17.130.162:10010/api/cours/file/fdae56d06e024c7583d6f5847dcec326.png', 0, 0, '67615ccde88f68da89a10060e44cc713', '2022-11-27 21:43:30');
INSERT INTO `file` VALUES (174, '微信图片_202211272137004.png', 'png', 8, 'http://172.17.130.162:10010/api/cours/file/1aad330e1e5f42708e71602674438be3.png', 0, 0, 'd99820b1030e09a09a4d58abe07c660f', '2022-11-27 21:43:40');
INSERT INTO `file` VALUES (175, '微信图片_202211272137005.png', 'png', 9, 'http://172.17.130.162:10010/api/cours/file/6c55b8355e1349abbb3dddf30f0915d7.png', 0, 0, '31a336e92929dfff64313d60b7829a70', '2022-11-27 21:43:47');
INSERT INTO `file` VALUES (176, 'huli6.jpg', 'jpg', 23, 'http://172.17.130.162:10010/api/cours/file/98afa7efeb2b4690ba22ced0059790e2.jpg', 0, 0, '5ae693801d0c6a8138761b3a3d52c96c', '2022-11-27 21:45:56');
INSERT INTO `file` VALUES (177, 'huli6.jpg', 'jpg', 23, 'http://172.17.130.162:10010/api/cours/file/98afa7efeb2b4690ba22ced0059790e2.jpg', 0, 0, '5ae693801d0c6a8138761b3a3d52c96c', '2022-11-27 21:47:11');
INSERT INTO `file` VALUES (178, 'huli6.jpg', 'jpg', 23, 'http://172.17.130.162:10010/api/cours/file/98afa7efeb2b4690ba22ced0059790e2.jpg', 0, 0, '5ae693801d0c6a8138761b3a3d52c96c', '2022-11-27 21:58:23');
INSERT INTO `file` VALUES (179, '0104ee6cdcee9dd67c66c0622bb21bd1.jpeg', 'jpeg', 46, 'http://172.17.130.162:10010/api/cours/file/c9766cfa3bea47afb53c7a5539c49349.jpeg', 0, 0, '23883d0ddd3b449e3a804eb2e66f97f6', '2022-11-27 23:21:25');
INSERT INTO `file` VALUES (180, '7b4194829192e91d0745d7a189dd68c6.jpeg', 'jpeg', 30, 'http://172.17.130.162:10010/api/cours/file/f300b3acb731415bbc9aa805521a459d.jpeg', 0, 0, 'dce865ea692c32a46f4f6d766d396ea7', '2022-11-27 23:21:55');
INSERT INTO `file` VALUES (181, 'a29717ea1fb5ad979a536996d9145397.jpeg', 'jpeg', 38, 'http://172.17.130.162:10010/api/cours/file/b1c11730708345dcaa06932019619a46.jpeg', 0, 0, '1af3035919a26878486586e924d665b3', '2022-11-27 23:22:22');
INSERT INTO `file` VALUES (182, '7b3cd2e9df835772362c358102d3e930.jpeg', 'jpeg', 59, 'http://172.17.130.162:10010/api/cours/file/2aadd16fc65649cdbaef9eeab75ca9d0.jpeg', 0, 0, '1171b5d2aac6a0937acda65183e42927', '2022-11-27 23:29:28');
INSERT INTO `file` VALUES (183, 'de9955d0e4ea075c00ec497952233073.jpeg', 'jpeg', 15, 'http://172.17.130.162:10010/api/cours/file/531dd5c31b4b431889d7f3b8a33d9c79.jpeg', 0, 0, 'f738c5686ce573648b904bbfc355ce84', '2022-11-27 23:29:50');
INSERT INTO `file` VALUES (184, '45500ce97aa71f59ce15a5f67cae3a30.jpeg', 'jpeg', 70, 'http://172.17.130.162:10010/api/cours/file/ae558414b4fe4cdcb0d0287102a188e4.jpeg', 0, 0, 'c1c46d586d2de653569a19df448db8f4', '2022-11-27 23:30:10');
INSERT INTO `file` VALUES (185, '3a9e684aff765a7362ec267ccadec098.jpeg', 'jpeg', 45, 'http://172.17.130.162:10010/api/cours/file/e06cbadac4bb48b1b4fb2875f7cfd738.jpeg', 0, 0, '159d43e4018bc03f101464bfa6f5305f', '2022-11-27 23:30:19');
INSERT INTO `file` VALUES (186, '3c067181b8345c7d560a83508a04bff2 (1).jpeg', 'jpeg', 330, 'http://172.17.130.162:10010/api/cours/file/ae274601a6b243ea90334bc27cb12f92.jpeg', 0, 0, '8a6cf96169b240d7c641c78ccf25cdda', '2022-11-27 23:30:27');
INSERT INTO `file` VALUES (187, 'bacdfef9c7279ac40d9360cf6cd83478.jpeg', 'jpeg', 37, 'http://172.17.130.162:10010/api/cours/file/69e5fb5640d4421aa20420e5bbf4771d.jpeg', 0, 0, 'c1f9d74996a20ad703cc47aa81d73108', '2022-11-27 23:30:41');
INSERT INTO `file` VALUES (188, '641e0cb597c6c3ddeb86ea2b20bfae16.jpeg', 'jpeg', 83, 'http://172.17.130.162:10010/api/cours/file/dd39324d87f34e66a66d9c38e4f71fab.jpeg', 0, 0, '4383410727991e4f5017dd0671f8a101', '2022-11-27 23:30:51');
INSERT INTO `file` VALUES (189, '96568db7b8a910f653981446e2051606.jpeg', 'jpeg', 222, 'http://172.17.130.162:10010/api/cours/file/bfa29e7e08b14eaaa92654a59ac7f326.jpeg', 0, 0, '9565c7878c25089d42c22520f66b46c2', '2022-11-27 23:31:02');
INSERT INTO `file` VALUES (190, 'tx2.jpg', 'jpg', 296, 'http://172.17.130.162:10010/api/cours/file/ec663d22069f447abb21cee0918bc429.jpg', 0, 0, 'b09da4543421bcbb910a4076bb0d1584', '2022-11-28 11:12:50');
INSERT INTO `file` VALUES (191, 'e8d0f28f245ee9cf87e04c738d8b7b8d.jpeg', 'jpeg', 35, 'http://172.17.130.162:10010/api/cours/file/6f6366e835cf4aff98a906552c911498.jpeg', 0, 0, 'b8f838a4e376db68066a3455fef073ca', '2022-11-28 11:18:57');
INSERT INTO `file` VALUES (192, 'a6f42662946291b62c0ea1250990339b.jpeg', 'jpeg', 227, 'http://172.17.130.162:10010/api/cours/file/76b496c171a64f91b64d45ae8a9573bf.jpeg', 0, 0, '67b7282341f18a713401fe7c776c0c07', '2022-11-28 11:19:16');
INSERT INTO `file` VALUES (193, '641e0cb597c6c3ddeb86ea2b20bfae16.jpeg', 'jpeg', 83, 'http://172.17.130.162:10010/api/cours/file/dd39324d87f34e66a66d9c38e4f71fab.jpeg', 0, 0, '4383410727991e4f5017dd0671f8a101', '2022-11-28 11:19:37');
INSERT INTO `file` VALUES (194, '45500ce97aa71f59ce15a5f67cae3a30.jpeg', 'jpeg', 70, 'http://172.17.130.162:10010/api/cours/file/ae558414b4fe4cdcb0d0287102a188e4.jpeg', 0, 0, 'c1c46d586d2de653569a19df448db8f4', '2022-11-28 11:19:52');
INSERT INTO `file` VALUES (195, 'bacdfef9c7279ac40d9360cf6cd83478.jpeg', 'jpeg', 37, 'http://172.17.130.162:10010/api/cours/file/69e5fb5640d4421aa20420e5bbf4771d.jpeg', 0, 0, 'c1f9d74996a20ad703cc47aa81d73108', '2022-11-28 11:20:15');
INSERT INTO `file` VALUES (196, 'f3070a4b7399d256de119858796fb4cd.jpeg', 'jpeg', 93, 'http://172.17.130.162:10010/api/cours/file/96e7a0eb95724cc494da4f862095a0d7.jpeg', 0, 0, '7e84153cf07361ba7e900d63a79ed325', '2022-11-28 11:21:32');
INSERT INTO `file` VALUES (197, 'dfff5c866fd185d398c634924693285c.jpeg', 'jpeg', 44, 'http://172.17.130.162:10010/api/cours/file/67ec87a3f36a49abaab03f400e3e2bb8.jpeg', 0, 0, 'a841a16efd28dd4ec7ff276dcd9069a3', '2022-11-28 11:22:19');
INSERT INTO `file` VALUES (198, '0784279f5e4ecd844dafd6f28db063dc.jpeg', 'jpeg', 197, 'http://172.17.130.162:10010/api/cours/file/10b622e8a9a545f7b61243312472834f.jpeg', 0, 0, 'c15693ee3402032e2372d7ce415d4914', '2022-11-28 11:23:09');
INSERT INTO `file` VALUES (199, '641e0cb597c6c3ddeb86ea2b20bfae16.jpeg', 'jpeg', 83, 'http://172.17.130.162:10010/api/cours/file/dd39324d87f34e66a66d9c38e4f71fab.jpeg', 0, 0, '4383410727991e4f5017dd0671f8a101', '2022-11-28 11:23:21');
INSERT INTO `file` VALUES (200, 'de9955d0e4ea075c00ec497952233073.jpeg', 'jpeg', 15, 'http://172.17.130.162:10010/api/cours/file/531dd5c31b4b431889d7f3b8a33d9c79.jpeg', 0, 0, 'f738c5686ce573648b904bbfc355ce84', '2022-11-28 11:23:36');
INSERT INTO `file` VALUES (201, 'a6f42662946291b62c0ea1250990339b.jpeg', 'jpeg', 227, 'http://172.17.130.162:10010/api/cours/file/76b496c171a64f91b64d45ae8a9573bf.jpeg', 0, 0, '67b7282341f18a713401fe7c776c0c07', '2022-11-28 11:45:26');
INSERT INTO `file` VALUES (202, 't1.jpg', 'jpg', 435, 'http://172.17.130.162:10010/api/cours/file/8d6df4962e2444f795adb9a37b684814.jpg', 0, 0, 'b5dd24e4449c6f253dac7483b072de19', '2022-11-29 19:55:10');
INSERT INTO `file` VALUES (203, 't2.jpg', 'jpg', 579, 'http://172.17.130.162:10010/api/cours/file/d3ae33d9ea644ffbaeb8c99b43f0937d.jpg', 0, 0, '4abc61de824f3b4b0cd57d9aa30700b1', '2022-11-29 22:39:04');
INSERT INTO `file` VALUES (204, 'accc71469b4948dfaa62389bdbd19f46.jpeg', 'jpeg', 181, 'http://172.17.130.162:10010/api/cours/file/075719fe90934718a3dc9de10730ab29.jpeg', 0, 0, '20a22df7d46716e92f1967560e8f6877', '2022-11-29 22:47:02');
INSERT INTO `file` VALUES (205, '99f5e395773d467d9e35fec248a59889.jpg', 'jpg', 17, 'http://172.17.130.162:10010/api/cours/file/788ec121cb154a43803ee49add05b5d7.jpg', 0, 0, 'a4fc7df6908a7e0778ff3772be22b02f', '2022-11-29 22:48:33');
INSERT INTO `file` VALUES (206, 'bb31d5657c2c47dab987f51465d3fc13.jpg', 'jpg', 11, 'http://172.17.130.162:10010/api/cours/file/de211f607e444e889630337b596f477b.jpg', 0, 0, '228c55f2c14ef7736c1291956e1af1f2', '2022-11-29 22:52:06');
INSERT INTO `file` VALUES (207, 'accc71469b4948dfaa62389bdbd19f46.jpeg', 'jpeg', 181, 'http://172.17.130.162:10010/api/cours/file/075719fe90934718a3dc9de10730ab29.jpeg', 0, 0, '20a22df7d46716e92f1967560e8f6877', '2022-11-29 23:05:38');
INSERT INTO `file` VALUES (208, 'eb72d5b62e20413799b68e45c1db9cdf.jpeg', 'jpeg', 70, 'http://172.17.130.162:10010/api/cours/file/a815a961366348b1925efa26271088a5.jpeg', 0, 0, '46563389ed40d3e378a0d2a2f947deaa', '2022-11-29 23:20:23');
INSERT INTO `file` VALUES (209, 'dad6857235f1493ab155eb6bcf246f07.jpg', 'jpg', 7, 'http://172.17.130.162:10010/api/cours/file/6ff9a0c2ffb443c9a797574d88d5f110.jpg', 0, 0, 'bebb3d8bfb151e37c8b525e796922cc5', '2022-11-29 23:25:19');
INSERT INTO `file` VALUES (210, 'weilong.jpg', 'jpg', 114, 'http://172.17.130.162:10010/api/cours/file/c2146c08e568409a80916e4098b4df50.jpg', 0, 0, 'ab4b900b325194d97e5838d0629fb871', '2022-12-03 22:27:16');
INSERT INTO `file` VALUES (211, 'huli1.jpg', 'jpg', 25, 'http://localhost:10010/api/cours/file/3ffddc0d0c7c426abae3194d234c42ce.jpg', 0, 0, '6a74bd3f2a2203a915628761950ff185', '2022-12-03 22:28:02');

-- ----------------------------
-- Table structure for information
-- ----------------------------
DROP TABLE IF EXISTS `information`;
CREATE TABLE `information`  (
  `info_id` bigint NOT NULL COMMENT '咨讯id',
  `info_title` varchar(100) CHARACTER SET utf8mb4 COLLATE utf8mb4_0900_ai_ci NOT NULL COMMENT '咨讯标题',
  `info_main` varchar(10000) CHARACTER SET utf8mb4 COLLATE utf8mb4_0900_ai_ci NOT NULL COMMENT '资讯内容',
  `info_author` varchar(20) CHARACTER SET utf8mb4 COLLATE utf8mb4_0900_ai_ci NOT NULL COMMENT '资讯作者',
  `info_data` timestamp(0) NOT NULL DEFAULT CURRENT_TIMESTAMP(0) COMMENT '发布日期',
  `info_like` int NULL DEFAULT 0 COMMENT '点赞数',
  `tea_id` int NOT NULL COMMENT '教师id',
  `photo` varchar(255) CHARACTER SET utf8mb4 COLLATE utf8mb4_0900_ai_ci NULL DEFAULT NULL COMMENT '封面',
  PRIMARY KEY (`info_id`) USING BTREE,
  INDEX `tea_id`(`tea_id`) USING BTREE,
  CONSTRAINT `information_ibfk_1` FOREIGN KEY (`tea_id`) REFERENCES `t_user` (`id`) ON DELETE RESTRICT ON UPDATE RESTRICT
) ENGINE = InnoDB CHARACTER SET = utf8mb4 COLLATE = utf8mb4_0900_ai_ci ROW_FORMAT = Dynamic;

-- ----------------------------
-- Records of information
-- ----------------------------
INSERT INTO `information` VALUES (3, '什么是康复？', '<p>是指协调的，综合的运用各种措施，<strong>消除或减轻病，伤，残患者的身心和社会障碍功能.</strong></p>', '朱厚恩', '2022-11-29 21:40:03', 2, 8, NULL);
INSERT INTO `information` VALUES (1584399426894585858, '康复护理应掌握哪些内容？', '<p><span style=\"color: rgb(102, 102, 102); background-color: rgb(255, 255, 255); font-size: 14px;\">康复护理人才除应掌握理论的护理技术以外，还需要灵活运用康复护理技术，如</span><span style=\"color: rgb(102, 102, 102); background-color: rgb(225, 60, 57); font-size: 14px;\">体位与体位转换、日常生活活动的自立、作业疗法、语言障碍的康复、心理障碍治疗等康复护理</span><span style=\"color: rgb(102, 102, 102); background-color: rgb(255, 255, 255); font-size: 14px;\">技术。精心的护理，耐心的引导、鼓励、帮助、监督和指导病、伤、残者．详细制定并执行护理计划。学会了这些康复护理知识，才能够为预防伤病并发症的发生，提高或恢复病、伤、残者的身体功能，使其早日重返家庭、回归社会提供高质量的服务。</span></p>', '朱厚恩', '2022-11-29 21:40:02', 0, 8, NULL);
INSERT INTO `information` VALUES (1584447328056647681, '新的护理模式---现代护理', '<p><span style=\"color: rgb(102, 102, 102); background-color: rgb(255, 255, 255); font-size: 14px;\">现代生物—心理—社会医学模式对康复护理学产生了很大的影响。</span></p><p><span style=\"color: rgb(102, 102, 102); background-color: rgb(255, 255, 255); font-size: 14px;\"><em>现代医学模式下的康复护理学着眼于对人身心实施整体康复，即一方面按照临床整体护理及康复护理原则完成对患者的疾病护理和功能障碍护理，加速恢复其全部或部分功能；另一方面关心患者的心理、社会、经济等问题，并采取专门的措施进行综合服务，</em></span><span style=\"color: rgb(102, 102, 102); background-color: rgb(255, 255, 255); font-size: 14px;\">使他们尽快适应残疾后的生活状态，重返工作初学习岗位。</span></p>', '朱厚恩', '2022-11-29 21:40:01', 0, 8, NULL);
INSERT INTO `information` VALUES (1596042024132395010, '康复治疗的重要性？', '<p style=\"text-align: left;\"><span style=\"color: rgb(102, 102, 102); background-color: rgb(255, 255, 255); font-size: 14px;\">当今医学的快速发展，使得如心肌梗死、脑卒中、急重创伤和癌症等疑难重症患者可以抢救成活，</span><span style=\"color: rgb(102, 102, 102); background-color: rgb(255, 255, 255); font-size: 14px;\"><u>但同时遗留下来了不同程度的功能障碍和残疾，而功能障碍和残疾是手术和药物难于取效的</u></span><span style=\"color: rgb(102, 102, 102); background-color: rgb(255, 255, 255); font-size: 14px;\">，这就凸显了康复治疗和康复护理的重要性。</span></p><p style=\"text-align: left;\"><span style=\"color: rgb(102, 102, 102); background-color: rgb(255, 255, 255); font-size: 14px;\">大量临床资料报道，从治疗的第一阶段康复治疗和康复护理与医学康复齐头并进后，病、伤、残患者的死亡率大大降低，生活自理能力显着提高，重返工作和学习岗位人员增加。如：脑卒中进行康复治疗和康复护理后，90％患者可恢复步行和生活自理，并有30％的患者能恢复一些较轻工作。</span></p>', '朱厚恩', '2022-11-29 19:35:22', 0, 8, NULL);
INSERT INTO `information` VALUES (1596086469645156353, '康复医学的对象？', '<ol><li style=\"text-align: center;\">1急性病后的患者😀</li><li style=\"text-align: center;\">2手术后的患者😄</li><li style=\"text-align: center;\">3各类残疾者😆</li><li style=\"text-align: center;\">4慢性病患者😊</li><li style=\"text-align: center;\">5老年人🤓</li></ol>', '罗佳', '2022-11-29 19:31:17', 0, 23, NULL);
INSERT INTO `information` VALUES (1597594236346318850, '开展社区康复护理服务', '<p><span style=\"color: rgb(102, 102, 102); background-color: rgb(255, 255, 255); font-size: 14px;\">社区康复作为康复医学服务的一种形式，自1976年以来在一百多个国家开展，受到普遍欢迎，其宗旨是提倡为残疾人及功能障碍的人服务，是社区所有，为社区服务。作为一名康复护士，应具备全面的护理知识和熟练的护理技术，学习好康复医学知识掌握康复训练技术，具有较强的敬业精神，是开展社区康复护理的重要条件。</span></p>', '朱厚恩', '2022-11-29 22:12:02', 0, 8, NULL);
INSERT INTO `information` VALUES (1597595132249653250, '社区康复的组织结构？', '<ul><li style=\"text-align: start;\">第一级——区（县）级社区康复领导小组</li></ul><hr/><ul><li style=\"text-align: start;\">第二级——街道（乡）级社区康复工作指导站</li></ul><hr/><ul><li style=\"text-align: start;\">第三级——居委会（村）级社区康基层康复站</li></ul>', '罗佳', '2022-11-29 22:15:36', 0, 23, NULL);
INSERT INTO `information` VALUES (1597595398374047746, '社区主要康复的内容？', '<ol><li style=\"text-align: left;\">① 残疾的预防: 依靠社区力量，积极开展预防病损工作；</li><li style=\"text-align: left;\">② 残疾普查: 依靠社区力量，普及社区残疾人的基本情况，为制定残疾预防和康复计划提供资料；</li><li style=\"text-align: left;\">③ 康复训练: 依靠社区力量，在家庭或社区康复站对需要进行功能训练的残疾者，开展必要的、可行的功能训练，以改善他们的生活自理能力；</li><li style=\"text-align: left;\">④ 健康教育: 依靠社区力量，帮助残疾儿童获得特殊教育；</li><li style=\"text-align: left;\">⑤ 职业康复: 依靠社区力量，对有一定劳动能力和有就业潜能的青壮年残疾人，提供就业咨询和辅导；</li><li style=\"text-align: left;\">⑥ 社会康复: 依靠社区力量，帮助残疾人参与社会各种活动，为残疾人重返社会创造各种条件；</li><li style=\"text-align: left;\">⑦ 独立生活指导: 依靠社区力量，帮助残疾人提供独立生活的咨询、服务和指导。</li></ol>', '罗佳', '2022-11-29 22:16:39', 0, 23, NULL);
INSERT INTO `information` VALUES (1597596110671724545, '康复护理的目标？', '<ol><li style=\"text-align: start;\"><span style=\"color: rgb(225, 60, 57);\">1) 维持患者健侧部分的身体功能</span></li><li style=\"text-align: start;\"><span style=\"background-color: rgb(66, 144, 247);\">2) 协助患者对伤残部分进行康复训练</span></li><li style=\"text-align: start;\"><span style=\"background-color: rgb(56, 158, 13);\">3) 使家属了解患者的需要</span></li><li style=\"text-align: start;\"><span style=\"color: rgb(146, 84, 222);\">4) 协助和促进患者完成独立自我照顾训练</span></li></ol>', '罗佳', '2022-11-29 22:19:29', 0, 23, NULL);

-- ----------------------------
-- Table structure for learning_progress
-- ----------------------------
DROP TABLE IF EXISTS `learning_progress`;
CREATE TABLE `learning_progress`  (
  `id` int NOT NULL AUTO_INCREMENT COMMENT 'id',
  `stu_id` int NOT NULL COMMENT '学生id',
  `cou_id` bigint NOT NULL COMMENT '课程id',
  `class_id` bigint NOT NULL COMMENT '班级id',
  `cha_id` bigint NOT NULL COMMENT '章节id',
  `time` int NOT NULL COMMENT '最新章节看到的时间',
  `update_time` timestamp(0) NOT NULL DEFAULT CURRENT_TIMESTAMP(0) ON UPDATE CURRENT_TIMESTAMP(0) COMMENT '记录更新的时间',
  PRIMARY KEY (`id`) USING BTREE,
  INDEX `cou_id`(`cou_id`) USING BTREE,
  INDEX `class_id`(`class_id`) USING BTREE,
  INDEX `cha_id`(`cha_id`) USING BTREE,
  INDEX `stu_id`(`stu_id`) USING BTREE,
  CONSTRAINT `learning_progress_ibfk_2` FOREIGN KEY (`cou_id`) REFERENCES `cours` (`cou_id`) ON DELETE RESTRICT ON UPDATE RESTRICT,
  CONSTRAINT `learning_progress_ibfk_3` FOREIGN KEY (`class_id`) REFERENCES `class` (`class_id`) ON DELETE RESTRICT ON UPDATE RESTRICT,
  CONSTRAINT `learning_progress_ibfk_4` FOREIGN KEY (`cha_id`) REFERENCES `chapter` (`cha_id`) ON DELETE RESTRICT ON UPDATE RESTRICT,
  CONSTRAINT `learning_progress_ibfk_5` FOREIGN KEY (`stu_id`) REFERENCES `student` (`stu_id`) ON DELETE RESTRICT ON UPDATE RESTRICT
) ENGINE = InnoDB AUTO_INCREMENT = 14 CHARACTER SET = utf8mb4 COLLATE = utf8mb4_0900_ai_ci ROW_FORMAT = Dynamic;

-- ----------------------------
-- Records of learning_progress
-- ----------------------------
INSERT INTO `learning_progress` VALUES (1, 9, 1, 1, 1, 3000, '2022-11-23 13:18:09');
INSERT INTO `learning_progress` VALUES (2, 9, 1, 1, 2, 1300, '2022-11-23 13:06:16');
INSERT INTO `learning_progress` VALUES (3, 17, 2, 1, 4, 200, '2022-10-29 14:52:21');
INSERT INTO `learning_progress` VALUES (4, 16, 1, 2, 2, 600, '2022-11-23 13:03:36');
INSERT INTO `learning_progress` VALUES (5, 19, 1, 1, 1, 350, '2022-10-30 10:40:31');
INSERT INTO `learning_progress` VALUES (8, 9, 1, 1, 5, 700, '2022-11-19 16:27:46');
INSERT INTO `learning_progress` VALUES (12, 16, 1, 1, 5, 2500, '2022-10-31 19:16:40');
INSERT INTO `learning_progress` VALUES (13, 16, 1, 2, 1, 100, '2022-11-23 13:02:23');
INSERT INTO `learning_progress` VALUES (14, 9, 7, 1, 1595286301268131841, 500, '2022-11-23 13:25:39');

-- ----------------------------
-- Table structure for oauth_client_details
-- ----------------------------
DROP TABLE IF EXISTS `oauth_client_details`;
CREATE TABLE `oauth_client_details`  (
  `client_id` varchar(255) CHARACTER SET utf8mb3 COLLATE utf8mb3_general_ci NOT NULL COMMENT '客户端标识',
  `resource_ids` varchar(255) CHARACTER SET utf8mb3 COLLATE utf8mb3_general_ci NULL DEFAULT NULL COMMENT '接入资源列表',
  `client_secret` varchar(255) CHARACTER SET utf8mb3 COLLATE utf8mb3_general_ci NULL DEFAULT NULL COMMENT '客户端秘钥',
  `scope` varchar(255) CHARACTER SET utf8mb3 COLLATE utf8mb3_general_ci NULL DEFAULT NULL COMMENT '授权范围',
  `authorized_grant_types` varchar(255) CHARACTER SET utf8mb3 COLLATE utf8mb3_general_ci NULL DEFAULT NULL COMMENT '允许授权类型',
  `web_server_redirect_uri` varchar(255) CHARACTER SET utf8mb3 COLLATE utf8mb3_general_ci NULL DEFAULT NULL COMMENT '客户端的重定向URI',
  `authorities` varchar(255) CHARACTER SET utf8mb3 COLLATE utf8mb3_general_ci NULL DEFAULT NULL COMMENT '客户端所拥有的权限值',
  `access_token_validity` int NULL DEFAULT NULL COMMENT '设定客户端的access_token的有效时间值(单位:秒)',
  `refresh_token_validity` int NULL DEFAULT NULL COMMENT '设定客户端的refresh_token的有效时间值(单位:秒',
  `additional_information` text CHARACTER SET utf8mb3 COLLATE utf8mb3_general_ci NULL COMMENT '这是一个预留的字段,在Oauth的流程中没有实际的使用,可选,但若设置值,必须是JSON格式的数据,',
  `create_time` timestamp(0) NULL DEFAULT NULL,
  `archived` tinyint(1) NULL DEFAULT NULL COMMENT '用于标识客户端是否已存档(即实现逻辑删除),默认值为’0’(即未存档)',
  `trusted` tinyint(1) NULL DEFAULT NULL COMMENT '设置客户端是否为受信任的,默认为’0’(即不受信任的,1为受信任的)',
  `autoapprove` varchar(255) CHARACTER SET utf8mb3 COLLATE utf8mb3_general_ci NULL DEFAULT NULL COMMENT '设置用户是否自动Approval操作, 默认值为 ‘false’, 可选值包括 ‘true’,‘false’, ‘read’,‘write’. ',
  PRIMARY KEY (`client_id`) USING BTREE
) ENGINE = InnoDB CHARACTER SET = utf8mb3 COLLATE = utf8mb3_general_ci ROW_FORMAT = DYNAMIC;

-- ----------------------------
-- Records of oauth_client_details
-- ----------------------------
INSERT INTO `oauth_client_details` VALUES ('c1', 'res_1', '$2a$10$UmGvnYkVcMwvv.Tki2hd2.1TwSbB3FmQuJDduq0cnIVoCYkvAh5Ey', 'ROLE_TEACHER,ROLE_USER', 'client_credentials,password,authorization_code,implicit,refresh_token', 'http://www.baidu.com', NULL, 259200, 31536000, NULL, '2020-07-12 21:55:48', 0, 0, 'false');
INSERT INTO `oauth_client_details` VALUES ('c2', 'res_1', '$2a$10$NvMPbej6yLDbQioKMGiizujF.siQJQVrg4uP4JBfDQ/mXiTqmCaS6', 'ROLE_STUDENT,ROLE_USER', 'client_credentials,password,authorization_code,implicit,refresh_token', 'http://www.baidu.com', NULL, 259200, 31536000, NULL, '2020-07-12 21:55:48', 0, 0, 'false');

-- ----------------------------
-- Table structure for oauth_code
-- ----------------------------
DROP TABLE IF EXISTS `oauth_code`;
CREATE TABLE `oauth_code`  (
  `create_time` timestamp(0) NULL DEFAULT CURRENT_TIMESTAMP(0) COMMENT '数据的创建时间',
  `code` varchar(255) CHARACTER SET utf8mb3 COLLATE utf8mb3_general_ci NULL DEFAULT NULL COMMENT '存储服务端系统生成的code的值(未加密)',
  `authentication` blob NULL COMMENT '存储将AuthorizationRequestHolder.java对象序列化后的二进制数据.',
  INDEX `code_index`(`code`) USING BTREE
) ENGINE = InnoDB CHARACTER SET = utf8mb3 COLLATE = utf8mb3_general_ci ROW_FORMAT = DYNAMIC;

-- ----------------------------
-- Records of oauth_code
-- ----------------------------

-- ----------------------------
-- Table structure for order_detail
-- ----------------------------
DROP TABLE IF EXISTS `order_detail`;
CREATE TABLE `order_detail`  (
  `id` int NOT NULL AUTO_INCREMENT,
  `order_id` int NOT NULL COMMENT '订单id',
  `o_score` int NULL DEFAULT NULL COMMENT '单个课程的积分',
  `stu_id` int NOT NULL COMMENT '学生id',
  PRIMARY KEY (`id`) USING BTREE,
  INDEX `stu_id`(`stu_id`) USING BTREE,
  CONSTRAINT `order_detail_ibfk_1` FOREIGN KEY (`stu_id`) REFERENCES `t_user` (`id`) ON DELETE RESTRICT ON UPDATE RESTRICT
) ENGINE = InnoDB AUTO_INCREMENT = 2 CHARACTER SET = utf8mb4 COLLATE = utf8mb4_0900_ai_ci ROW_FORMAT = Dynamic;

-- ----------------------------
-- Records of order_detail
-- ----------------------------
INSERT INTO `order_detail` VALUES (2, 1, 30, 8);

-- ----------------------------
-- Table structure for order_shop
-- ----------------------------
DROP TABLE IF EXISTS `order_shop`;
CREATE TABLE `order_shop`  (
  `id` bigint NOT NULL COMMENT 'id',
  `stu_id` int NOT NULL COMMENT '学生id',
  `buy_time` timestamp(0) NOT NULL DEFAULT CURRENT_TIMESTAMP(0) ON UPDATE CURRENT_TIMESTAMP(0) COMMENT '购买时间',
  `cost` float NOT NULL COMMENT '花费积分',
  `cou_id` bigint NOT NULL COMMENT '已购买课程id',
  PRIMARY KEY (`id`) USING BTREE,
  INDEX `stu_id`(`stu_id`) USING BTREE,
  INDEX `cou_id`(`cou_id`) USING BTREE,
  CONSTRAINT `order_shop_ibfk_1` FOREIGN KEY (`stu_id`) REFERENCES `student` (`stu_id`) ON DELETE RESTRICT ON UPDATE RESTRICT
) ENGINE = InnoDB CHARACTER SET = utf8mb4 COLLATE = utf8mb4_0900_ai_ci ROW_FORMAT = Dynamic;

-- ----------------------------
-- Records of order_shop
-- ----------------------------
INSERT INTO `order_shop` VALUES (1597247494471983105, 9, '2022-11-28 23:14:12', 33, 1588542523475906561);
INSERT INTO `order_shop` VALUES (1597247494471983106, 9, '2022-11-28 23:14:12', 14, 1588540672370200578);
INSERT INTO `order_shop` VALUES (1597247733253709826, 9, '2022-11-28 23:15:09', 20, 1);
INSERT INTO `order_shop` VALUES (1597247733253709827, 9, '2022-11-28 23:15:09', 30, 2);
INSERT INTO `order_shop` VALUES (1597248586647773185, 9, '2022-11-28 23:18:33', 30, 6);
INSERT INTO `order_shop` VALUES (1597253888155754497, 9, '2022-11-28 23:39:37', 1, 1591633527800283138);
INSERT INTO `order_shop` VALUES (1597621907402952705, 9, '2022-11-30 00:01:59', 10, 3);
INSERT INTO `order_shop` VALUES (1597623655706320897, 9, '2022-11-30 00:08:56', 35, 7);

-- ----------------------------
-- Table structure for practice
-- ----------------------------
DROP TABLE IF EXISTS `practice`;
CREATE TABLE `practice`  (
  `pra_id` bigint NOT NULL COMMENT '实践id',
  `pra_name` varchar(100) CHARACTER SET utf8mb4 COLLATE utf8mb4_0900_ai_ci NOT NULL COMMENT '实践名称',
  `pra_time` timestamp(0) NOT NULL COMMENT '实践开始时间',
  `pra_site` varchar(200) CHARACTER SET utf8mb4 COLLATE utf8mb4_0900_ai_ci NOT NULL COMMENT '实践地点',
  `pra_main` varchar(1000) CHARACTER SET utf8mb4 COLLATE utf8mb4_0900_ai_ci NOT NULL COMMENT '实践内容',
  `tea_id` int NOT NULL COMMENT '教师id',
  `is_deleted` tinyint NULL DEFAULT 0 COMMENT '是否取消',
  `cou_id` bigint NOT NULL COMMENT '课程id',
  `photo` varchar(255) CHARACTER SET utf8mb4 COLLATE utf8mb4_0900_ai_ci NULL DEFAULT NULL COMMENT '图片',
  `end_time` timestamp(0) NOT NULL COMMENT '结束时间',
  `is_begin` tinyint NOT NULL DEFAULT 0 COMMENT '是否开始 0为未开始或者已结束 1为已开始',
  PRIMARY KEY (`pra_id`) USING BTREE,
  INDEX `tea_id`(`tea_id`) USING BTREE,
  INDEX `cou_id`(`cou_id`) USING BTREE,
  CONSTRAINT `practice_ibfk_1` FOREIGN KEY (`tea_id`) REFERENCES `t_user` (`id`) ON DELETE RESTRICT ON UPDATE RESTRICT,
  CONSTRAINT `practice_ibfk_2` FOREIGN KEY (`cou_id`) REFERENCES `cours` (`cou_id`) ON DELETE RESTRICT ON UPDATE RESTRICT
) ENGINE = InnoDB CHARACTER SET = utf8mb4 COLLATE = utf8mb4_0900_ai_ci ROW_FORMAT = Dynamic;

-- ----------------------------
-- Records of practice
-- ----------------------------
INSERT INTO `practice` VALUES (1, '配药实践', '2022-11-24 00:00:00', 'c111', '简单来讲就是根据处方进行调配药品，然后发药给患者，像门诊药房、急诊药房、中药房、静配中心、住院药房、药库等工作岗位。每天面对不同的患者及其家属，审核处方，做到四查十对，确保患者安全用药。处方中如有配伍禁忌或超剂量，应拒绝调配，或与医生联系，或要求购买者请医生修改处方，才能调配。', 8, 0, 1589595321772699650, NULL, '2022-11-26 00:00:00', 0);
INSERT INTO `practice` VALUES (2, '测血压实践', '2022-10-27 01:01:01', 'C401', '血液在血管内流动时，对血管壁的侧压力成为血压。血压通常指动脉血压或体循环血压，是重要的生命体征。血压测量是评估血压水平、诊断高血压及观察降压疗效的主要手段，准确地测量血压是基层开展高血压管理的基础。不同血压测量方法的有机结合是提高高血压诊断和管理效果的重要因素。', 8, 0, 2, NULL, '2022-11-28 02:02:02', 0);
INSERT INTO `practice` VALUES (4, '测血糖实践', '2022-10-29 01:01:01', 'B203', '测血糖就是测量人体血液中的糖。绝大多数情况下都是测量的葡萄糖。体内各组织细胞活动所需的能量大部分来自葡萄糖，所以血糖必须保持一定的水平才能维持体内各器官和组织的需要。通常情况空腹血糖(葡萄糖氧化酶法)的正常范围是3.9～6.1mmol/L。空腹血糖6.1 mmol/L就为空腹血糖升高;若有糖尿病症状又查出空腹血糖>7.0 mmol/L，或糖耐量试验血糖峰值>11.1 mmol/L，餐后2小时血糖>11.1 mmol/L，或具有糖尿病症状，随机血糖>11.1 mmol/L，且伴有尿糖阳性，就可诊断为糖尿病。血糖高不一定是糖尿病。由于空腹血糖决定着全天血糖水平，控制糖尿病千万要注重空腹血糖的变化。', 23, 0, 3, NULL, '2022-11-29 05:58:06', 0);
INSERT INTO `practice` VALUES (1584107306493341697, '输液实践', '2022-10-23 16:59:47', 'B203', '输液（Infusion），或大容量注射液，是指由静脉滴注输入体内的大剂量注射液，一次给药在100ml以上。它是注射剂的一个分支，通常包装在玻璃或塑料的输液瓶或袋中，不含抑菌剂。使用时通过输液器调整滴速，持续而稳定地将药物输入体内。', 8, 0, 1588446156078399490, NULL, '2022-11-24 16:39:55', 0);
INSERT INTO `practice` VALUES (1584107888478167041, '瘫痪护理实践', '2022-10-23 17:02:06', 'B304', '对于瘫痪或床上活动困难的病人，要定时翻身和有具体的翻身计划，白天每2小时翻身一次，夜间不超过3小时翻身次。计划可写在纸上挂在墙上，付以表格让执行者记录，以保证计划的实施。夜间翻身可根据家属或照顾者睡眠习惯，安排翻身时间，如家属晚11点睡觉，可在睡前给病人翻身，晨2点前家中谁起夜，由起夜者再为病人翻身一次，5点前给病人翻身一次至天亮。翻身前应先拍背，嘱其咳嗽，再让病人饮温开水l～2口，后行翻身。每次翻身均应检查受压的骨突部，以便及时了解皮肤情况，发现问题及时处理。对于受压的骨突部位，作局部按摩或使用气垫等措施以预防褥疮。', 8, 0, 4, NULL, '2022-11-24 16:39:57', 0);
INSERT INTO `practice` VALUES (1584192291178995713, '抽血实践', '2022-10-22 16:47:39', 'B304', '抽血一般指采静脉血，静脉血化验除特殊要求的项目以外，一般要求在上午抽血，抽血前尽量减少运动量，不要吃食物，保持空腹，可以喝少量的水，除某些必须按时服用的某些实验结果有所干扰。', 8, 0, 1583001105646882817, NULL, '2022-11-24 16:01:01', 0);
INSERT INTO `practice` VALUES (1595691658624815105, '麻醉实践', '2022-11-26 08:00:00', 'B410', '麻醉剂是指用药物或非药物方法使机体或机体局部暂时可逆性失去知觉及痛觉，多用于手术或某些疾病治疗的药剂。“麻沸散”就是世界上第一个发明和使用的麻醉剂，由东汉末年和三国年间杰出的医学家华佗所创造，公元2世纪我国已用“麻沸散”全身麻醉进行剖腹手术。近代最早发明全身麻醉剂的人是19世纪初期的英国化学家戴维。', 8, 0, 1589595321772699650, NULL, '2022-11-30 12:00:00', 0);
INSERT INTO `practice` VALUES (1596486470261194754, '推拿实践', '2022-11-26 08:01:02', 'b203', '中医用手在人体上按经络、穴位、用推、拿、提、捏、揉等手法进行治疗。推拿，为一种非药物的自然疗法、物理疗法。通常是指医者运用自己的双手作用于病患的体表、受伤的部位、不适的所在、特定的腧穴、疼痛的地方，具体运用推、拿、按、摩、揉、捏、点、拍等形式多样的手法和力道，以期达到疏通经络、推行气血、扶伤止痛、祛邪扶正、调和阴阳、延长寿命的疗效。', 8, 0, 1588537204855250946, NULL, '2022-12-27 23:01:01', 1);
INSERT INTO `practice` VALUES (1596727983356399617, '针灸实践', '2022-11-27 00:00:00', 'b123', '针法是指在中医理论的指导下把针具（通常指毫针）按照一定的角度刺入患者体内，运用捻转与提插等针刺手法来对人体特定部位进行刺激从而达到治疗疾病的目的。刺入点称为人体腧穴，简称穴位。根据最新针灸学教材统计，人体共有361个正经穴位。\n灸法是以预制的灸炷或灸草在体表一定的穴位上烧灼、熏熨，利用热的刺激来预防和治疗疾病。通常以艾草最为常用，故而称为艾灸，另有隔药灸、柳条灸、灯芯灸、桑枝灸等方法。如今人们生活中也经常用到的多是艾条灸。', 8, 0, 7, NULL, '2022-11-29 00:00:00', 0);
INSERT INTO `practice` VALUES (1596736532295888897, '咨询实践', '2022-11-27 00:00:00', '1', '是指医生采用对话方式，向病人及其知情者查询疾病的发生、发展情况和现在症状、治疗经过等，以诊断疾病的方法。为四诊之一。', 8, 0, 5, NULL, '2022-11-28 00:00:00', 0);
INSERT INTO `practice` VALUES (1596736593008439298, '1', '2022-11-27 00:00:00', '1', '1', 8, 1, 1, NULL, '2022-11-28 00:00:00', 1);
INSERT INTO `practice` VALUES (1596741114312962050, '1', '2022-11-27 00:00:00', '1', '1', 8, 1, 1, NULL, '2022-11-28 00:00:00', 1);
INSERT INTO `practice` VALUES (1596741691646324738, '1', '2022-11-27 00:00:00', '1', '1', 8, 1, 1, NULL, '2022-11-28 00:00:00', 1);
INSERT INTO `practice` VALUES (1596741993447469058, '1', '2022-11-27 00:00:00', '1', '1', 8, 1, 1, NULL, '2022-11-28 00:00:00', 1);
INSERT INTO `practice` VALUES (1596742392619380738, '1', '2022-11-27 00:00:00', '1', '111', 8, 1, 1, NULL, '2022-11-28 00:00:00', 1);
INSERT INTO `practice` VALUES (1596742489834958849, '1', '2022-11-27 00:00:00', '1', '11', 8, 1, 1, NULL, '2022-11-28 00:00:00', 0);
INSERT INTO `practice` VALUES (1596742886750334978, '晨晚间护理实践', '2022-11-27 00:00:00', '1教', '晨间护理包括刷牙漱口、洗脸洗手、用温水擦背、用50%酒精按摩受压部位，梳头，整理床铺及更换污染衣单，这一切应在早饭前进行。晚间护理系在晚饭后进行，如协助洗脸漱口等。使病人感觉清洁舒适，易于入睡。病人若由于疾病痛苦彻夜不眠，身体疲备，在晨晚间护理时也可以观察病情。', 8, 0, 1583701803531411457, NULL, '2022-11-28 00:00:00', 0);
INSERT INTO `practice` VALUES (1596743230460964866, '营养配餐实践', '2022-11-27 00:00:00', '232', '营养配餐，就是按人们身体的需要，根据食品中各种营养物质的含量，设计一天、一周或一个月的食谱，使人体摄入的蛋白质、脂肪、碳水化合物、维生素和矿物质等几大营养素比例合理，即达到均衡膳食。简单讲，就是要求膳食结构多种多样，谷、肉、果、菜无所不备。', 8, 0, 1588543061307314177, NULL, '2022-11-28 00:00:00', 0);
INSERT INTO `practice` VALUES (1596743518383157250, '心理辅导', '2022-11-27 00:00:00', '111', '心理健康辅导是情感导师与受辅导者之间建立一种具有咨询功能的融洽关系，以帮助来访者正确认识自己，接纳自己，进而欣赏自己，并克服成长中的障碍，改变自己的不良意识和倾向，充分发挥个人潜能，迈向自我现实的过程。作为一名心理辅导工作者，建立和健全心理保健体系，维护对方积极向上的心理状态是义不容辞的责任和义务。', 8, 1, 1588534339075993601, NULL, '2022-11-28 00:00:00', 0);
INSERT INTO `practice` VALUES (1596743638193451010, '1111', '2022-11-27 00:00:00', '111', '1111', 8, 1, 1, NULL, '2022-11-28 00:00:00', 0);
INSERT INTO `practice` VALUES (1596744347789996034, '111111', '2022-11-27 00:00:00', '1111', '1111', 8, 1, 1, NULL, '2022-11-28 00:00:00', 0);
INSERT INTO `practice` VALUES (1597613927299174402, '如何学习护理技术', '2022-11-29 07:00:00', 'B201', '集体学习，图书馆集合', 8, 0, 1583001105646882817, NULL, '2022-11-30 23:06:06', 0);
INSERT INTO `practice` VALUES (1599329204162338818, '就是个鸡', '2022-12-03 00:00:00', 'C101', 'sdadsada', 8, 0, 1588446156078399490, NULL, '2022-12-05 00:00:00', 1);

-- ----------------------------
-- Table structure for stu_class
-- ----------------------------
DROP TABLE IF EXISTS `stu_class`;
CREATE TABLE `stu_class`  (
  `id` int NOT NULL AUTO_INCREMENT COMMENT 'id',
  `stu_id` int NOT NULL COMMENT '学生id',
  `class_id` bigint NOT NULL COMMENT '班级id',
  `join_date` timestamp(0) NOT NULL DEFAULT CURRENT_TIMESTAMP(0) ON UPDATE CURRENT_TIMESTAMP(0) COMMENT '加入时间',
  `deleted` tinyint NULL DEFAULT 0 COMMENT '删除该学生',
  PRIMARY KEY (`id`) USING BTREE,
  INDEX `class_id`(`class_id`) USING BTREE,
  INDEX `stu_id`(`stu_id`) USING BTREE,
  CONSTRAINT `stu_class_ibfk_2` FOREIGN KEY (`class_id`) REFERENCES `class` (`class_id`) ON DELETE RESTRICT ON UPDATE RESTRICT
) ENGINE = InnoDB AUTO_INCREMENT = 96 CHARACTER SET = utf8mb4 COLLATE = utf8mb4_0900_ai_ci ROW_FORMAT = Dynamic;

-- ----------------------------
-- Records of stu_class
-- ----------------------------
INSERT INTO `stu_class` VALUES (8, 9, 1, '2022-10-15 19:57:12', 0);
INSERT INTO `stu_class` VALUES (9, 16, 2, '2022-10-29 14:55:28', 0);
INSERT INTO `stu_class` VALUES (11, 18, 4, '2022-10-15 19:57:28', 0);
INSERT INTO `stu_class` VALUES (14, 26, 2, '2022-10-16 11:45:32', 0);
INSERT INTO `stu_class` VALUES (15, 27, 2, '2022-10-16 11:45:38', 0);
INSERT INTO `stu_class` VALUES (24, 31, 2, '2022-11-24 09:57:24', 0);
INSERT INTO `stu_class` VALUES (25, 19, 1581237057993490433, '2022-10-27 16:27:23', 0);
INSERT INTO `stu_class` VALUES (29, 19, 1, '2022-10-31 19:49:48', 0);
INSERT INTO `stu_class` VALUES (30, 17, 1, '2022-10-31 19:49:48', 0);
INSERT INTO `stu_class` VALUES (31, 31, 1, '2022-10-31 19:53:47', 0);
INSERT INTO `stu_class` VALUES (32, 37, 2, '2022-11-01 16:48:01', 0);
INSERT INTO `stu_class` VALUES (33, 38, 2, '2022-11-01 16:48:12', 0);
INSERT INTO `stu_class` VALUES (37, 28, 1, '2022-11-23 23:05:28', 0);
INSERT INTO `stu_class` VALUES (38, 29, 1, '2022-11-24 09:59:03', 1);
INSERT INTO `stu_class` VALUES (39, 39, 1, '2022-11-24 09:59:01', 1);
INSERT INTO `stu_class` VALUES (40, 43, 1, '2022-11-24 09:57:45', 1);
INSERT INTO `stu_class` VALUES (41, 42, 1, '2022-11-24 09:57:54', 1);
INSERT INTO `stu_class` VALUES (42, 40, 1, '2022-11-24 09:59:00', 1);
INSERT INTO `stu_class` VALUES (43, 41, 1, '2022-11-24 09:58:58', 1);
INSERT INTO `stu_class` VALUES (44, 44, 1, '2022-11-24 09:58:13', 1);
INSERT INTO `stu_class` VALUES (45, 42, 1, '2022-11-24 09:57:54', 1);
INSERT INTO `stu_class` VALUES (46, 43, 1, '2022-11-24 09:57:45', 1);
INSERT INTO `stu_class` VALUES (47, 29, 1, '2022-11-24 09:59:52', 0);
INSERT INTO `stu_class` VALUES (48, 39, 1, '2022-11-24 09:59:52', 0);
INSERT INTO `stu_class` VALUES (49, 40, 1, '2022-11-24 09:59:52', 0);
INSERT INTO `stu_class` VALUES (50, 41, 1, '2022-11-29 23:22:17', 1);
INSERT INTO `stu_class` VALUES (51, 42, 1, '2022-11-24 10:21:59', 1);
INSERT INTO `stu_class` VALUES (52, 43, 1, '2022-11-24 09:59:55', 1);
INSERT INTO `stu_class` VALUES (53, 43, 1, '2022-11-24 10:03:29', 1);
INSERT INTO `stu_class` VALUES (54, 44, 1, '2022-11-24 10:03:27', 1);
INSERT INTO `stu_class` VALUES (55, 43, 1, '2022-11-24 10:04:28', 1);
INSERT INTO `stu_class` VALUES (56, 44, 1, '2022-11-24 10:05:46', 1);
INSERT INTO `stu_class` VALUES (57, 43, 1, '2022-11-24 10:05:48', 1);
INSERT INTO `stu_class` VALUES (58, 43, 1, '2022-11-24 10:08:51', 1);
INSERT INTO `stu_class` VALUES (59, 43, 1, '2022-11-24 10:09:44', 1);
INSERT INTO `stu_class` VALUES (60, 43, 1, '2022-11-24 10:10:40', 1);
INSERT INTO `stu_class` VALUES (61, 43, 1, '2022-11-29 23:07:34', 1);
INSERT INTO `stu_class` VALUES (62, 42, 1, '2022-11-29 23:07:30', 1);
INSERT INTO `stu_class` VALUES (63, 44, 1, '2022-11-29 23:07:28', 1);
INSERT INTO `stu_class` VALUES (64, 65, 2, '2022-11-24 10:51:08', 1);
INSERT INTO `stu_class` VALUES (65, 64, 2, '2022-11-24 10:51:05', 1);
INSERT INTO `stu_class` VALUES (66, 66, 2, '2022-11-24 10:59:38', 0);
INSERT INTO `stu_class` VALUES (67, 65, 2, '2022-11-24 10:59:38', 0);
INSERT INTO `stu_class` VALUES (68, 64, 2, '2022-11-24 11:00:04', 1);
INSERT INTO `stu_class` VALUES (69, 77, 2, '2022-11-24 11:00:02', 1);
INSERT INTO `stu_class` VALUES (70, 76, 2, '2022-11-24 10:59:47', 0);
INSERT INTO `stu_class` VALUES (71, 75, 2, '2022-11-24 11:00:14', 1);
INSERT INTO `stu_class` VALUES (72, 74, 2, '2022-11-29 22:50:20', 1);
INSERT INTO `stu_class` VALUES (73, 60, 1, '2022-11-29 23:07:25', 1);
INSERT INTO `stu_class` VALUES (74, 61, 1, '2022-11-29 20:03:24', 1);
INSERT INTO `stu_class` VALUES (75, 62, 1, '2022-11-24 14:31:06', 1);
INSERT INTO `stu_class` VALUES (76, 68, 1, '2022-11-24 14:31:08', 1);
INSERT INTO `stu_class` VALUES (77, 67, 1, '2022-11-24 14:31:10', 1);
INSERT INTO `stu_class` VALUES (78, 62, 3, '2022-11-28 11:27:40', 0);
INSERT INTO `stu_class` VALUES (79, 63, 3, '2022-11-28 11:27:40', 0);
INSERT INTO `stu_class` VALUES (80, 64, 3, '2022-11-28 11:27:40', 0);
INSERT INTO `stu_class` VALUES (81, 75, 4, '2022-11-28 11:27:58', 0);
INSERT INTO `stu_class` VALUES (82, 77, 4, '2022-11-28 11:27:58', 0);
INSERT INTO `stu_class` VALUES (83, 72, 1581237057993490433, '2022-11-28 11:28:17', 0);
INSERT INTO `stu_class` VALUES (84, 73, 1581237057993490433, '2022-11-28 11:28:17', 0);
INSERT INTO `stu_class` VALUES (85, 67, 1581238380545622017, '2022-11-28 11:30:12', 0);
INSERT INTO `stu_class` VALUES (86, 68, 1581238380545622017, '2022-11-28 11:30:12', 0);
INSERT INTO `stu_class` VALUES (87, 69, 1581238380545622017, '2022-11-28 11:30:12', 0);
INSERT INTO `stu_class` VALUES (88, 70, 1584010324223414274, '2022-11-28 11:38:17', 0);
INSERT INTO `stu_class` VALUES (89, 71, 1584010324223414274, '2022-11-28 11:38:17', 0);
INSERT INTO `stu_class` VALUES (90, 61, 2, '2022-11-29 22:50:18', 1);
INSERT INTO `stu_class` VALUES (91, 42, 1, '2022-11-29 23:22:15', 1);
INSERT INTO `stu_class` VALUES (92, 43, 1, '2022-11-29 23:22:13', 1);
INSERT INTO `stu_class` VALUES (93, 44, 1, '2022-11-29 23:22:12', 1);
INSERT INTO `stu_class` VALUES (94, 41, 1, '2022-11-29 23:22:21', 0);
INSERT INTO `stu_class` VALUES (95, 42, 1, '2022-11-29 23:22:21', 0);
INSERT INTO `stu_class` VALUES (96, 43, 1, '2022-11-29 23:22:21', 0);

-- ----------------------------
-- Table structure for stu_cou
-- ----------------------------
DROP TABLE IF EXISTS `stu_cou`;
CREATE TABLE `stu_cou`  (
  `id` int NOT NULL AUTO_INCREMENT COMMENT 'id',
  `stu_id` int NOT NULL COMMENT '学生id',
  `cou_id` bigint NOT NULL COMMENT '课程id',
  `select_time` timestamp(0) NOT NULL DEFAULT CURRENT_TIMESTAMP(0) COMMENT '选课时间',
  PRIMARY KEY (`id`) USING BTREE,
  INDEX `cou_id`(`cou_id`) USING BTREE,
  INDEX `stu_id`(`stu_id`) USING BTREE,
  CONSTRAINT `stu_cou_ibfk_2` FOREIGN KEY (`cou_id`) REFERENCES `cours` (`cou_id`) ON DELETE RESTRICT ON UPDATE RESTRICT,
  CONSTRAINT `stu_cou_ibfk_3` FOREIGN KEY (`stu_id`) REFERENCES `student` (`stu_id`) ON DELETE RESTRICT ON UPDATE RESTRICT
) ENGINE = InnoDB AUTO_INCREMENT = 41 CHARACTER SET = utf8mb4 COLLATE = utf8mb4_0900_ai_ci ROW_FORMAT = Dynamic;

-- ----------------------------
-- Records of stu_cou
-- ----------------------------
INSERT INTO `stu_cou` VALUES (2, 9, 2, '2022-10-20 20:53:31');
INSERT INTO `stu_cou` VALUES (3, 16, 2, '2022-10-20 20:53:37');
INSERT INTO `stu_cou` VALUES (4, 17, 3, '2022-10-20 20:53:44');
INSERT INTO `stu_cou` VALUES (5, 9, 4, '2022-10-22 14:42:13');
INSERT INTO `stu_cou` VALUES (12, 9, 7, '2022-10-26 18:39:34');
INSERT INTO `stu_cou` VALUES (17, 9, 7, '2022-10-29 13:21:36');
INSERT INTO `stu_cou` VALUES (18, 9, 1, '2022-10-29 13:22:31');
INSERT INTO `stu_cou` VALUES (19, 17, 1, '2022-10-29 13:29:30');
INSERT INTO `stu_cou` VALUES (20, 17, 2, '2022-10-29 13:29:51');
INSERT INTO `stu_cou` VALUES (21, 17, 2, '2022-10-31 16:49:59');
INSERT INTO `stu_cou` VALUES (22, 17, 2, '2022-10-31 16:51:57');
INSERT INTO `stu_cou` VALUES (23, 17, 3, '2022-10-31 17:47:32');
INSERT INTO `stu_cou` VALUES (24, 9, 3, '2022-10-31 17:48:58');
INSERT INTO `stu_cou` VALUES (25, 9, 1583001105646882817, '2022-11-26 22:20:42');
INSERT INTO `stu_cou` VALUES (26, 9, 1583701803531411457, '2022-11-26 22:20:42');
INSERT INTO `stu_cou` VALUES (27, 9, 1587431879804641281, '2022-11-26 22:20:42');
INSERT INTO `stu_cou` VALUES (28, 9, 5, '2022-11-28 22:25:26');
INSERT INTO `stu_cou` VALUES (29, 9, 1, '2022-11-28 22:37:57');
INSERT INTO `stu_cou` VALUES (30, 9, 1588542523475906561, '2022-11-28 23:09:26');
INSERT INTO `stu_cou` VALUES (31, 9, 1588540672370200578, '2022-11-28 23:09:26');
INSERT INTO `stu_cou` VALUES (32, 9, 1588542523475906561, '2022-11-28 23:12:34');
INSERT INTO `stu_cou` VALUES (33, 9, 1588540672370200578, '2022-11-28 23:12:34');
INSERT INTO `stu_cou` VALUES (34, 9, 1588542523475906561, '2022-11-28 23:14:12');
INSERT INTO `stu_cou` VALUES (35, 9, 1588540672370200578, '2022-11-28 23:14:12');
INSERT INTO `stu_cou` VALUES (36, 9, 1, '2022-11-28 23:15:09');
INSERT INTO `stu_cou` VALUES (37, 9, 2, '2022-11-28 23:15:09');
INSERT INTO `stu_cou` VALUES (38, 9, 6, '2022-11-28 23:18:33');
INSERT INTO `stu_cou` VALUES (39, 9, 1591633527800283138, '2022-11-28 23:39:37');
INSERT INTO `stu_cou` VALUES (40, 9, 3, '2022-11-30 00:01:59');
INSERT INTO `stu_cou` VALUES (41, 9, 7, '2022-11-30 00:08:56');

-- ----------------------------
-- Table structure for stu_cou_cart
-- ----------------------------
DROP TABLE IF EXISTS `stu_cou_cart`;
CREATE TABLE `stu_cou_cart`  (
  `id` int NOT NULL AUTO_INCREMENT,
  `stu_id` int NOT NULL COMMENT '学生id',
  `cou_id` bigint NOT NULL COMMENT '课程id',
  `add_time` timestamp(0) NOT NULL DEFAULT CURRENT_TIMESTAMP(0) ON UPDATE CURRENT_TIMESTAMP(0) COMMENT '加入购物车时间',
  PRIMARY KEY (`id`) USING BTREE,
  INDEX `cou_id`(`cou_id`) USING BTREE,
  INDEX `stu_id`(`stu_id`) USING BTREE,
  CONSTRAINT `stu_cou_cart_ibfk_2` FOREIGN KEY (`cou_id`) REFERENCES `cours` (`cou_id`) ON DELETE RESTRICT ON UPDATE RESTRICT,
  CONSTRAINT `stu_cou_cart_ibfk_3` FOREIGN KEY (`stu_id`) REFERENCES `student` (`stu_id`) ON DELETE RESTRICT ON UPDATE RESTRICT
) ENGINE = InnoDB AUTO_INCREMENT = 36 CHARACTER SET = utf8mb4 COLLATE = utf8mb4_0900_ai_ci ROW_FORMAT = Dynamic;

-- ----------------------------
-- Records of stu_cou_cart
-- ----------------------------
INSERT INTO `stu_cou_cart` VALUES (31, 9, 1, '2022-11-28 23:16:22');

-- ----------------------------
-- Table structure for stu_cou_progress
-- ----------------------------
DROP TABLE IF EXISTS `stu_cou_progress`;
CREATE TABLE `stu_cou_progress`  (
  `id` int NOT NULL AUTO_INCREMENT COMMENT 'id',
  `stu_id` int NOT NULL COMMENT '学生id',
  `cou_id` bigint NOT NULL COMMENT '课程id',
  `cha_id` bigint NOT NULL COMMENT '章节id',
  `time` time(0) NOT NULL COMMENT '章节看到的时间',
  `update_time` timestamp(0) NOT NULL DEFAULT CURRENT_TIMESTAMP(0) ON UPDATE CURRENT_TIMESTAMP(0) COMMENT '记录更新的时间',
  PRIMARY KEY (`id`) USING BTREE,
  INDEX `cou_id`(`cou_id`) USING BTREE,
  INDEX `cha_id`(`cha_id`) USING BTREE,
  INDEX `stu_id`(`stu_id`) USING BTREE,
  CONSTRAINT `stu_cou_progress_ibfk_2` FOREIGN KEY (`cou_id`) REFERENCES `cours` (`cou_id`) ON DELETE RESTRICT ON UPDATE RESTRICT,
  CONSTRAINT `stu_cou_progress_ibfk_3` FOREIGN KEY (`cha_id`) REFERENCES `chapter` (`cha_id`) ON DELETE RESTRICT ON UPDATE RESTRICT,
  CONSTRAINT `stu_cou_progress_ibfk_4` FOREIGN KEY (`stu_id`) REFERENCES `student` (`stu_id`) ON DELETE RESTRICT ON UPDATE RESTRICT
) ENGINE = InnoDB CHARACTER SET = utf8mb4 COLLATE = utf8mb4_0900_ai_ci ROW_FORMAT = Dynamic;

-- ----------------------------
-- Records of stu_cou_progress
-- ----------------------------
INSERT INTO `stu_cou_progress` VALUES (1, 9, 1, 1, '00:01:30', '2022-11-07 19:50:49');
INSERT INTO `stu_cou_progress` VALUES (2, 9, 1, 2, '00:10:10', '2022-11-07 20:18:22');
INSERT INTO `stu_cou_progress` VALUES (6, 9, 1, 3, '00:01:40', '2022-11-07 20:40:08');

-- ----------------------------
-- Table structure for stu_practice
-- ----------------------------
DROP TABLE IF EXISTS `stu_practice`;
CREATE TABLE `stu_practice`  (
  `id` int NOT NULL AUTO_INCREMENT COMMENT 'id',
  `stu_id` int NOT NULL COMMENT '学生id',
  `pra_id` bigint NOT NULL COMMENT '实践id',
  `pra_date` timestamp(0) NOT NULL DEFAULT CURRENT_TIMESTAMP(0) ON UPDATE CURRENT_TIMESTAMP(0) COMMENT '报名时间',
  PRIMARY KEY (`id`) USING BTREE,
  INDEX `pra_id`(`pra_id`) USING BTREE,
  INDEX `stu_id`(`stu_id`) USING BTREE,
  CONSTRAINT `stu_practice_ibfk_2` FOREIGN KEY (`pra_id`) REFERENCES `practice` (`pra_id`) ON DELETE RESTRICT ON UPDATE RESTRICT,
  CONSTRAINT `stu_practice_ibfk_3` FOREIGN KEY (`stu_id`) REFERENCES `student` (`stu_id`) ON DELETE RESTRICT ON UPDATE RESTRICT
) ENGINE = InnoDB AUTO_INCREMENT = 14 CHARACTER SET = utf8mb4 COLLATE = utf8mb4_0900_ai_ci ROW_FORMAT = Dynamic;

-- ----------------------------
-- Records of stu_practice
-- ----------------------------
INSERT INTO `stu_practice` VALUES (2, 17, 1, '2022-10-28 11:44:34');
INSERT INTO `stu_practice` VALUES (13, 17, 4, '2022-10-28 13:19:48');
INSERT INTO `stu_practice` VALUES (14, 9, 1, '2022-11-24 16:40:49');

-- ----------------------------
-- Table structure for student
-- ----------------------------
DROP TABLE IF EXISTS `student`;
CREATE TABLE `student`  (
  `stu_id` int NOT NULL COMMENT '学生id',
  `stu_name` varchar(20) CHARACTER SET utf8mb4 COLLATE utf8mb4_0900_ai_ci NOT NULL COMMENT '学生姓名',
  `stu_study_time` int NOT NULL DEFAULT 0 COMMENT '学生学习时长',
  `stu_score` double NOT NULL DEFAULT 0 COMMENT '学生积分',
  PRIMARY KEY (`stu_id`) USING BTREE
) ENGINE = InnoDB CHARACTER SET = utf8mb4 COLLATE = utf8mb4_0900_ai_ci ROW_FORMAT = Dynamic;

-- ----------------------------
-- Records of student
-- ----------------------------
INSERT INTO `student` VALUES (9, '郑炜垅', 500, 796);
INSERT INTO `student` VALUES (16, '林泽楠', 200, 133);
INSERT INTO `student` VALUES (17, '周海青', 0, 35);
INSERT INTO `student` VALUES (18, '陈云耀', 0, 0);
INSERT INTO `student` VALUES (19, '张润璇', 0, 0);
INSERT INTO `student` VALUES (26, '梁灿桦', 0, 0);
INSERT INTO `student` VALUES (27, '葛建平', 0, 0);
INSERT INTO `student` VALUES (28, '黄怀光', 0, 0);
INSERT INTO `student` VALUES (29, '朱厚嗯', 0, 0);
INSERT INTO `student` VALUES (31, '梁潮', 0, 0);
INSERT INTO `student` VALUES (37, '洪梓涵', 0, 0);
INSERT INTO `student` VALUES (38, '陈育彬', 0, 0);
INSERT INTO `student` VALUES (39, '古超然', 0, 0);
INSERT INTO `student` VALUES (40, '鸥鹏辉', 0, 0);
INSERT INTO `student` VALUES (41, '学生1', 0, 0);
INSERT INTO `student` VALUES (42, '学生2', 0, 0);
INSERT INTO `student` VALUES (43, '学生3', 0, 0);
INSERT INTO `student` VALUES (44, '学生4', 0, 0);
INSERT INTO `student` VALUES (60, '学生71029', 0, 0);
INSERT INTO `student` VALUES (61, '学生08343', 0, 0);
INSERT INTO `student` VALUES (62, '学生92165', 0, 0);
INSERT INTO `student` VALUES (63, '学生53458', 0, 0);
INSERT INTO `student` VALUES (64, '学生96632', 0, 0);
INSERT INTO `student` VALUES (65, '学生52888', 0, 0);
INSERT INTO `student` VALUES (66, '学生66555', 0, 0);
INSERT INTO `student` VALUES (67, '学生18772', 0, 0);
INSERT INTO `student` VALUES (68, '学生90132', 0, 0);
INSERT INTO `student` VALUES (69, '学生02609', 0, 0);
INSERT INTO `student` VALUES (70, '学生14846', 0, 0);
INSERT INTO `student` VALUES (71, '学生97044', 0, 0);
INSERT INTO `student` VALUES (72, '学生81969', 0, 0);
INSERT INTO `student` VALUES (73, '学生40827', 0, 0);
INSERT INTO `student` VALUES (74, '学生02532', 0, 0);
INSERT INTO `student` VALUES (75, '学生25101', 0, 0);
INSERT INTO `student` VALUES (76, '学生15609', 0, 0);
INSERT INTO `student` VALUES (77, '学生74266', 0, 0);
INSERT INTO `student` VALUES (78, '学生17437', 0, 0);
INSERT INTO `student` VALUES (79, '学生80685', 0, 0);
INSERT INTO `student` VALUES (80, '学生65125', 0, 0);
INSERT INTO `student` VALUES (81, '学生19113', 0, 0);
INSERT INTO `student` VALUES (82, '学生37777', 0, 0);
INSERT INTO `student` VALUES (83, '学生89341', 0, 0);
INSERT INTO `student` VALUES (84, '学生82176', 0, 0);
INSERT INTO `student` VALUES (85, '学生49440', 0, 0);
INSERT INTO `student` VALUES (86, '学生26167', 0, 0);
INSERT INTO `student` VALUES (87, '学生62210', 0, 0);

-- ----------------------------
-- Table structure for t_permission
-- ----------------------------
DROP TABLE IF EXISTS `t_permission`;
CREATE TABLE `t_permission`  (
  `id` int NOT NULL AUTO_INCREMENT,
  `code` varchar(20) CHARACTER SET utf8mb3 COLLATE utf8mb3_general_ci NOT NULL COMMENT '权限标识符',
  `description` varchar(20) CHARACTER SET utf8mb3 COLLATE utf8mb3_general_ci NULL DEFAULT NULL COMMENT '描述',
  `url` varchar(20) CHARACTER SET utf8mb3 COLLATE utf8mb3_general_ci NULL DEFAULT NULL COMMENT '请求地址',
  PRIMARY KEY (`id`) USING BTREE
) ENGINE = InnoDB CHARACTER SET = utf8mb3 COLLATE = utf8mb3_general_ci ROW_FORMAT = DYNAMIC;

-- ----------------------------
-- Records of t_permission
-- ----------------------------
INSERT INTO `t_permission` VALUES (1, 'p1', 'p1权限访问r1资源', '/r/r1');
INSERT INTO `t_permission` VALUES (2, 'p2', 'p2权限访问r2资源', '/r/r2');
INSERT INTO `t_permission` VALUES (3, 'student', '学生仅有学生权限', NULL);
INSERT INTO `t_permission` VALUES (4, 'teacher', '老师有老师权限和学生权限', NULL);

-- ----------------------------
-- Table structure for t_role
-- ----------------------------
DROP TABLE IF EXISTS `t_role`;
CREATE TABLE `t_role`  (
  `id` int NOT NULL AUTO_INCREMENT,
  `role_name` varchar(20) CHARACTER SET utf8mb3 COLLATE utf8mb3_general_ci NULL DEFAULT NULL,
  `description` varchar(20) CHARACTER SET utf8mb3 COLLATE utf8mb3_general_ci NULL DEFAULT NULL,
  `status` int NULL DEFAULT NULL,
  PRIMARY KEY (`id`) USING BTREE,
  UNIQUE INDEX `u_role_name`(`role_name`) USING BTREE
) ENGINE = InnoDB CHARACTER SET = utf8mb3 COLLATE = utf8mb3_general_ci ROW_FORMAT = DYNAMIC;

-- ----------------------------
-- Records of t_role
-- ----------------------------
INSERT INTO `t_role` VALUES (2, '学生', '学生', 1);
INSERT INTO `t_role` VALUES (3, '老师', '老师', 1);

-- ----------------------------
-- Table structure for t_role_permission
-- ----------------------------
DROP TABLE IF EXISTS `t_role_permission`;
CREATE TABLE `t_role_permission`  (
  `id` int NOT NULL AUTO_INCREMENT,
  `role_id` int NULL DEFAULT NULL,
  `permission_id` int NULL DEFAULT NULL,
  PRIMARY KEY (`id`) USING BTREE,
  INDEX `role_id`(`role_id`) USING BTREE,
  INDEX `permission_id`(`permission_id`) USING BTREE,
  CONSTRAINT `t_role_permission_ibfk_1` FOREIGN KEY (`role_id`) REFERENCES `t_role` (`id`) ON DELETE RESTRICT ON UPDATE RESTRICT,
  CONSTRAINT `t_role_permission_ibfk_2` FOREIGN KEY (`permission_id`) REFERENCES `t_permission` (`id`) ON DELETE RESTRICT ON UPDATE RESTRICT
) ENGINE = InnoDB AUTO_INCREMENT = 6 CHARACTER SET = utf8mb3 COLLATE = utf8mb3_general_ci ROW_FORMAT = DYNAMIC;

-- ----------------------------
-- Records of t_role_permission
-- ----------------------------
INSERT INTO `t_role_permission` VALUES (4, 3, 4);
INSERT INTO `t_role_permission` VALUES (5, 2, 3);

-- ----------------------------
-- Table structure for t_user
-- ----------------------------
DROP TABLE IF EXISTS `t_user`;
CREATE TABLE `t_user`  (
  `id` int NOT NULL AUTO_INCREMENT,
  `username` varchar(20) CHARACTER SET utf8mb3 COLLATE utf8mb3_general_ci NOT NULL COMMENT '用户名',
  `password` varchar(100) CHARACTER SET utf8mb3 COLLATE utf8mb3_general_ci NOT NULL COMMENT '密码',
  `fullname` varchar(20) CHARACTER SET utf8mb3 COLLATE utf8mb3_general_ci NOT NULL COMMENT '全名',
  `phone` varchar(12) CHARACTER SET utf8mb3 COLLATE utf8mb3_general_ci NULL DEFAULT NULL COMMENT '电话号码',
  `photo` varchar(255) CHARACTER SET utf8mb3 COLLATE utf8mb3_general_ci NULL DEFAULT NULL COMMENT '头像',
  PRIMARY KEY (`id`) USING BTREE
) ENGINE = InnoDB AUTO_INCREMENT = 87 CHARACTER SET = utf8mb3 COLLATE = utf8mb3_general_ci ROW_FORMAT = DYNAMIC;

-- ----------------------------
-- Records of t_user
-- ----------------------------
INSERT INTO `t_user` VALUES (8, 'houenzhu', '$2a$10$VQRC7cZZGd2ii/NmOt/.aOVX8V9V6lg8J9gRz.jDt6vm87BXjBxqi', '朱厚恩', '12312312312', 'http://172.17.130.162:10010/api/cours/file/a815a961366348b1925efa26271088a5.jpeg');
INSERT INTO `t_user` VALUES (9, 'weilong', '$2a$10$Q5MxnJZfyhFZkTu5sMoaR.ackYK5hdCpb5Dea.m1wi8pg0JFqRLO6', '郑炜垅', '0', 'http://172.17.130.162:10010/api/cours/file/8d6df4962e2444f795adb9a37b684814.jpg');
INSERT INTO `t_user` VALUES (16, 'linzenan', '$2a$10$aOab0J2IDyPpIkejQ6nFN.1UFewJKJInkmms/nKF.VHvt5poj87Fq', '林泽楠', '0', NULL);
INSERT INTO `t_user` VALUES (17, 'zhouhaiqing', '$2a$10$ejAMfBSojK/n9AInKYqZN.9/mvqH7pRSNKt4iFPyLQ7dDX4bKUZMG', '周海青', '0', NULL);
INSERT INTO `t_user` VALUES (18, 'chenyunyao', '$2a$10$MHsJ8cSKvHA/TDMjkLk.8u1lAy6E1c0q0LMUf9wjqCTpfE5caf/NC', '陈云耀', '0', NULL);
INSERT INTO `t_user` VALUES (19, 'zhangyunxuan', '$2a$10$rYuzju8rgTZTShDYW5YhGOe8oWWetkJe7.lTgxZ0583Jm3WafIHEO', '张润璇', '0', NULL);
INSERT INTO `t_user` VALUES (23, 'luojia', '$2a$10$ONInwwZcdPI9xwN21KHoO.bUgmXv6cuk53NSQASJ9t7w8ZNKatlwK', '罗佳', '123', 'http://172.17.130.162:10010/api/cours/file/ec663d22069f447abb21cee0918bc429.jpg');
INSERT INTO `t_user` VALUES (26, 'hua', '$2a$10$YnhKgIqp/8nKcXcl9h0oQuH/4FwIsRjB8Eyg0jCUEEPX8x5j9PW8y', '梁灿桦', '12211122', NULL);
INSERT INTO `t_user` VALUES (27, 'ping', '$2a$10$OuMMtqspJ7qGrRKvcplL0efXmEWnQAYe2w7zjGyxUBcikJpEH97pe', '葛建平', '12211123', NULL);
INSERT INTO `t_user` VALUES (28, 'guang', '$2a$10$wPR0vilszOEvBL2f/3A3GO0uJKTjT8nDWbYikHzaBGUb01.AJkdGa', '黄怀光', '11223311', NULL);
INSERT INTO `t_user` VALUES (29, 'zhu', '$2a$10$wKFQ.nMjTi1yz0ABGRbjTeQ50e3jUDPzc2F5vyDO9A9EOILXa07Pq', '朱厚', '11223311', NULL);
INSERT INTO `t_user` VALUES (31, 'wuhu', '$2a$10$fbFQZax42znTiHcU7fQMAeaz5F2cVHAwNfRGf8q6gmkgR3UWwsbjy', '梁潮', '11223311', NULL);
INSERT INTO `t_user` VALUES (37, 'hongzihan', '$2a$10$ob4zFsG.5GY4Eu.jMRoUeOvCy1UAxZ5C6.251Gy5gnqkU.PDONMy2', '洪梓涵', '11223311', NULL);
INSERT INTO `t_user` VALUES (38, 'chenyubin', '$2a$10$MxkB5lzMpSlt/o2RjPrWeu7LdVRWnakccAJKkCLCAsGzcTzj3CxjW', '陈育彬', '11223311', NULL);
INSERT INTO `t_user` VALUES (39, 'guchaoran', '$2a$10$LioL4Owqw/A1IWv8GpBfi.xPduFEcCAGg.ToHNchvHLIaUIGPKy9S', '古超然', '11223311', NULL);
INSERT INTO `t_user` VALUES (40, 'oupenghui', '$2a$10$xGJW9RsLpkbjD9lOOlEyIeKem3QMeKvnQhSm6.cLq0ffbxGGi8ViS', '鸥鹏辉', '11223311', NULL);
INSERT INTO `t_user` VALUES (41, 'xuesheng1', '$2a$10$Azt.7d14Zhpv3h9juQ5TFutoPqHgRM80Xfmh3ZQ3bU70r1hAnip0G', '学生1', '11223311', NULL);
INSERT INTO `t_user` VALUES (42, 'xuesheng2', '$2a$10$Kt0UmwT94cxFSmsjiw61lOFT2P63vw/76SBtSJ9uDqn/Oc7k41FmO', '学生2', '11223311', NULL);
INSERT INTO `t_user` VALUES (43, 'xuesheng3', '$2a$10$QCICg0Qay8Co3B19/RAfq.gKdzp3HwBlulqKCFCB/A0S3idscxmPO', '学生3', '11223311', NULL);
INSERT INTO `t_user` VALUES (44, 'xuesheng4', '$2a$10$qSeb0vL3o.maCs2LJ78.G./pDNxgrJVa1muzaw64WV/gyf79C/Bli', '学生4', '11223311', NULL);
INSERT INTO `t_user` VALUES (60, 'stu_yns1uj32n5df9cw', '$2a$10$ZCwMHmYLsHR7zCuNDtHNyeUi9SLR3ZwwsSl.7mz1.xOBXWV14z49m', '学生71029', '57433170724', NULL);
INSERT INTO `t_user` VALUES (61, 'stu_patz9wff1dnqf2q', '$2a$10$GNG1Fwqx6IhN8cBm7C7oDuGkG6WCeXdNgW9iPJ73U.lDXIHUhjAIm', '学生08343', '91277574687', NULL);
INSERT INTO `t_user` VALUES (62, 'stu_281de1hczb9iipa', '$2a$10$jgWL/6KmkAjExZRKJr1ymepH.43UrbbBZs1oQqr//a0GFm1ewbflq', '学生92165', '89006782017', NULL);
INSERT INTO `t_user` VALUES (63, 'stu_eaxtrugwymxa6wa', '$2a$10$CT8uTNyvaqFf.v7KftdHCu1LqdW6VrTOSWoOU7simmX7MjXyLOGdi', '学生53458', '75885643750', NULL);
INSERT INTO `t_user` VALUES (64, 'stu_gi8pq5d4bkbuin3', '$2a$10$A1rO1JcaIcM3T4n03UTGXOmPE7j4YoVSHYfvzDdFlP6v9/lRerOja', '学生96632', '59700065876', NULL);
INSERT INTO `t_user` VALUES (65, 'stu_d0v3o5c3og88mwx', '$2a$10$2TxiVU/Rf70VOe3wgBSHaejtul93bGGFhWasSxOF.RHsLJX3FaNB2', '学生52888', '32016888093', NULL);
INSERT INTO `t_user` VALUES (66, 'stu_mjid6tz76qbwd4b', '$2a$10$S8NFhckrNiSzCyLoU5L/mOpjqeyWFlFZtRHfccFLS/Tp2B3GUu8QC', '学生66555', '05943828329', NULL);
INSERT INTO `t_user` VALUES (67, 'stu_asbinop5212ka1h', '$2a$10$f/kFeN1psZIzKnsK5xXYb.aY3DxKsQMjVn71YzXtzPnBhq8NJu1O6', '学生18772', '34417846127', NULL);
INSERT INTO `t_user` VALUES (68, 'stu_t1sfjrm07lo82pm', '$2a$10$sWjc454pSrqX3iEWQjs38eus9JRiFAPW5GQzIjgubGt0nOxhxbYJS', '学生90132', '52034408041', NULL);
INSERT INTO `t_user` VALUES (69, 'stu_ooy25afcxc74t4r', '$2a$10$keQDOnNrAB31VGqKPTZTpOoDAPkjlxJjkNeRrnylvLoXRKialj29a', '学生02609', '93814113708', NULL);
INSERT INTO `t_user` VALUES (70, 'stu_43ep3v2rg22mm51', '$2a$10$7fpXiz4jFO35qjRKknU5O.0M8xVF/5lU68iFELpeTgAW2wEOYbq4u', '学生14846', '51343603268', NULL);
INSERT INTO `t_user` VALUES (71, 'stu_1700hurgiabp2y7', '$2a$10$FfbpTA8ycPJOxt8j2eA1Ru6.X.wa9ykbgJFJ2vGnhrx1mFFk5c0UW', '学生97044', '63810932772', NULL);
INSERT INTO `t_user` VALUES (72, 'stu_3vigzb3lkvyjz9e', '$2a$10$AwXPYmYj6yO9LIauaWtS0uxJAZicn3rHtBYBuvtvO63.tWMazIKxa', '学生81969', '71082742540', NULL);
INSERT INTO `t_user` VALUES (73, 'stu_6jufq82rq7vea9y', '$2a$10$tCnexaU1JKtCssofAB31IuSx.Ho9w6opqpJ8iBdeq/xsgqG3JLzFS', '学生40827', '69893597304', NULL);
INSERT INTO `t_user` VALUES (74, 'stu_vdez6smk1y2aqy0', '$2a$10$EfGQ8aEPWweBFf.Dg/0DQO5p.voy5xEtKQb3ED8EtLJA3mYvbMsWy', '学生02532', '20205398353', NULL);
INSERT INTO `t_user` VALUES (75, 'stu_gbp86azq28s768y', '$2a$10$b4zJa9xqGux7sHQJDnHAbucreqhgjzodhuIcVwK8Q8W46XKy9kIhe', '学生25101', '97912002394', NULL);
INSERT INTO `t_user` VALUES (76, 'stu_gj1bzvmp68i9jcm', '$2a$10$Ys.4wE3OjJVeJjZE3T/tH.kBcKcib2ScLP.42K2K/pBpzg0AVoyIK', '学生15609', '12246192002', NULL);
INSERT INTO `t_user` VALUES (77, 'stu_pz2e7sd3jc22r6w', '$2a$10$gDgDXnlW7g425sWsKhKnFOJClXoj7JoQYUdszr0ZcMv18Cgrf.jSu', '学生74266', '06859367332', NULL);
INSERT INTO `t_user` VALUES (78, 'stu_fd36p1cfc62rnrk', '$2a$10$NxOotMrOUh5qk4iZ3jTq.eiTiElJn6GXFkdoot40KNdEiPaXrWEyS', '学生17437', '62087376832', NULL);
INSERT INTO `t_user` VALUES (79, 'stu_gj6xoc58en2s6t2', '$2a$10$3pcOmyCy3B9Z17NNnY889uNBIc/jpJLRz8Ygj60BmW1KDBYbx1paq', '学生80685', '95808771769', NULL);
INSERT INTO `t_user` VALUES (80, 'stu_10nqtr2uk8r9dgd', '$2a$10$rPnwzdYcuMIEE8zT4OouYujR545r.i4ht9bhI4BpcWQ5feqMA7tK2', '学生65125', '15472317211', NULL);
INSERT INTO `t_user` VALUES (81, 'stu_7c1b9nj60a8b3wf', '$2a$10$MItepNIsyIJdz7LesBOCd.rRGuTI66bm2h.NpKTpK6XrDXv21tFoa', '学生19113', '97406828457', NULL);
INSERT INTO `t_user` VALUES (82, 'stu_95u4l2qnimg9i2h', '$2a$10$H03.gdYmlMDD0cvuU2wZ1uShv83qBmb63MnBxjsvx3F9xHsgAEJge', '学生37777', '87126877877', NULL);
INSERT INTO `t_user` VALUES (83, 'stu_bljwor77su4a6b2', '$2a$10$MAAr.PqjJYN8WeWe2W0jZuR.ZJu5VerOTAmctxEoPM0k/jehaXTdi', '学生89341', '89758047254', NULL);
INSERT INTO `t_user` VALUES (84, 'stu_m4iojsyv4un6vq4', '$2a$10$LR/lut4mEiv3Tfw2d9ZFdu7jek8Vl7u111j6EgIJOgM7A79ACvF0m', '学生82176', '11296756891', NULL);
INSERT INTO `t_user` VALUES (85, 'stu_r2odj1xwo7jpq3u', '$2a$10$tEJR62uCpVEgH2mDeuDw7epWcbRMqVEi7RVEIBR7RWpl/2DD3viz.', '学生49440', '45548624321', NULL);
INSERT INTO `t_user` VALUES (86, 'stu_bct5x080wgd3mad', '$2a$10$t1ONtcrLHUT3IJLvrniCGeym/uMgDswMUuyMBUPv7fknpocjvlh4S', '学生26167', '14812220413', NULL);
INSERT INTO `t_user` VALUES (87, 'stu_c2dpoy5trheofyk', '$2a$10$urMrRvIprnTWpS3gptMGyuDsS5pKBNoltLe321rtBp0FXBMYFOnGy', '学生62210', '11950185031', NULL);

-- ----------------------------
-- Table structure for t_user_role
-- ----------------------------
DROP TABLE IF EXISTS `t_user_role`;
CREATE TABLE `t_user_role`  (
  `id` int NOT NULL AUTO_INCREMENT,
  `user_id` int NULL DEFAULT NULL,
  `role_id` int NULL DEFAULT NULL,
  PRIMARY KEY (`id`) USING BTREE,
  INDEX `user_id`(`user_id`) USING BTREE,
  INDEX `role_id`(`role_id`) USING BTREE,
  CONSTRAINT `t_user_role_ibfk_1` FOREIGN KEY (`user_id`) REFERENCES `t_user` (`id`) ON DELETE RESTRICT ON UPDATE RESTRICT,
  CONSTRAINT `t_user_role_ibfk_2` FOREIGN KEY (`role_id`) REFERENCES `t_role` (`id`) ON DELETE RESTRICT ON UPDATE RESTRICT
) ENGINE = InnoDB AUTO_INCREMENT = 65 CHARACTER SET = utf8mb3 COLLATE = utf8mb3_general_ci ROW_FORMAT = DYNAMIC;

-- ----------------------------
-- Records of t_user_role
-- ----------------------------
INSERT INTO `t_user_role` VALUES (4, 8, 3);
INSERT INTO `t_user_role` VALUES (5, 9, 2);
INSERT INTO `t_user_role` VALUES (7, 16, 2);
INSERT INTO `t_user_role` VALUES (8, 17, 2);
INSERT INTO `t_user_role` VALUES (9, 18, 2);
INSERT INTO `t_user_role` VALUES (10, 19, 2);
INSERT INTO `t_user_role` VALUES (11, 23, 3);
INSERT INTO `t_user_role` VALUES (12, 26, 2);
INSERT INTO `t_user_role` VALUES (13, 27, 2);
INSERT INTO `t_user_role` VALUES (14, 28, 2);
INSERT INTO `t_user_role` VALUES (15, 29, 2);
INSERT INTO `t_user_role` VALUES (16, 31, 3);
INSERT INTO `t_user_role` VALUES (17, 37, 2);
INSERT INTO `t_user_role` VALUES (18, 38, 2);
INSERT INTO `t_user_role` VALUES (19, 39, 2);
INSERT INTO `t_user_role` VALUES (20, 40, 2);
INSERT INTO `t_user_role` VALUES (21, 41, 2);
INSERT INTO `t_user_role` VALUES (26, 44, 2);
INSERT INTO `t_user_role` VALUES (27, 43, 2);
INSERT INTO `t_user_role` VALUES (28, 42, 2);
INSERT INTO `t_user_role` VALUES (38, 60, 2);
INSERT INTO `t_user_role` VALUES (39, 61, 2);
INSERT INTO `t_user_role` VALUES (40, 62, 2);
INSERT INTO `t_user_role` VALUES (41, 63, 2);
INSERT INTO `t_user_role` VALUES (42, 64, 2);
INSERT INTO `t_user_role` VALUES (43, 65, 2);
INSERT INTO `t_user_role` VALUES (44, 66, 2);
INSERT INTO `t_user_role` VALUES (45, 67, 2);
INSERT INTO `t_user_role` VALUES (46, 68, 2);
INSERT INTO `t_user_role` VALUES (47, 69, 2);
INSERT INTO `t_user_role` VALUES (48, 70, 2);
INSERT INTO `t_user_role` VALUES (49, 71, 2);
INSERT INTO `t_user_role` VALUES (50, 72, 2);
INSERT INTO `t_user_role` VALUES (51, 73, 2);
INSERT INTO `t_user_role` VALUES (52, 74, 2);
INSERT INTO `t_user_role` VALUES (53, 75, 2);
INSERT INTO `t_user_role` VALUES (54, 76, 2);
INSERT INTO `t_user_role` VALUES (55, 77, 2);
INSERT INTO `t_user_role` VALUES (56, 78, 2);
INSERT INTO `t_user_role` VALUES (57, 79, 2);
INSERT INTO `t_user_role` VALUES (58, 80, 2);
INSERT INTO `t_user_role` VALUES (59, 81, 2);
INSERT INTO `t_user_role` VALUES (60, 82, 2);
INSERT INTO `t_user_role` VALUES (61, 83, 2);
INSERT INTO `t_user_role` VALUES (62, 84, 2);
INSERT INTO `t_user_role` VALUES (63, 85, 2);
INSERT INTO `t_user_role` VALUES (64, 86, 2);
INSERT INTO `t_user_role` VALUES (65, 87, 2);

-- ----------------------------
-- Table structure for tb_sign
-- ----------------------------
DROP TABLE IF EXISTS `tb_sign`;
CREATE TABLE `tb_sign`  (
  `id` bigint UNSIGNED NOT NULL AUTO_INCREMENT COMMENT '主键',
  `user_id` int UNSIGNED NOT NULL COMMENT '用户id',
  `year` year NOT NULL COMMENT '签到的年',
  `month` tinyint NOT NULL COMMENT '签到的月',
  `date` timestamp(0) NOT NULL DEFAULT CURRENT_TIMESTAMP(0) COMMENT '签到的日期',
  `is_backup` tinyint UNSIGNED NULL DEFAULT NULL COMMENT '是否补签',
  PRIMARY KEY (`id`) USING BTREE
) ENGINE = InnoDB AUTO_INCREMENT = 18 CHARACTER SET = utf8mb4 COLLATE = utf8mb4_general_ci ROW_FORMAT = COMPACT;

-- ----------------------------
-- Records of tb_sign
-- ----------------------------
INSERT INTO `tb_sign` VALUES (2, 9, 2022, 11, '2022-11-26 12:41:45', 0);
INSERT INTO `tb_sign` VALUES (3, 16, 2022, 11, '2022-11-26 15:13:55', 0);
INSERT INTO `tb_sign` VALUES (4, 9, 2022, 11, '2022-11-27 12:11:47', 0);
INSERT INTO `tb_sign` VALUES (5, 9, 2022, 11, '2022-11-29 23:09:16', 0);
INSERT INTO `tb_sign` VALUES (6, 9, 2022, 11, '2022-11-29 23:10:47', 0);
INSERT INTO `tb_sign` VALUES (7, 9, 2022, 11, '2022-11-29 23:16:14', 0);
INSERT INTO `tb_sign` VALUES (8, 9, 2022, 11, '2022-11-29 23:24:47', 0);
INSERT INTO `tb_sign` VALUES (9, 9, 2022, 11, '2022-11-29 23:26:23', 0);
INSERT INTO `tb_sign` VALUES (10, 9, 2022, 11, '2022-11-29 23:29:25', 0);
INSERT INTO `tb_sign` VALUES (11, 9, 2022, 11, '2022-11-29 23:29:38', 0);
INSERT INTO `tb_sign` VALUES (12, 9, 2022, 11, '2022-11-29 23:29:46', 0);
INSERT INTO `tb_sign` VALUES (13, 9, 2022, 11, '2022-11-29 23:29:49', 0);
INSERT INTO `tb_sign` VALUES (14, 9, 2022, 11, '2022-11-29 23:30:04', 0);
INSERT INTO `tb_sign` VALUES (15, 9, 2022, 11, '2022-11-29 23:30:06', 0);
INSERT INTO `tb_sign` VALUES (16, 9, 2022, 11, '2022-11-29 23:30:59', 0);
INSERT INTO `tb_sign` VALUES (17, 9, 2022, 11, '2022-11-29 23:31:22', 0);
INSERT INTO `tb_sign` VALUES (18, 9, 2022, 12, '2022-12-04 17:13:55', 0);

-- ----------------------------
-- Table structure for teacher
-- ----------------------------
DROP TABLE IF EXISTS `teacher`;
CREATE TABLE `teacher`  (
  `id` int NOT NULL AUTO_INCREMENT,
  `tea_id` int NULL DEFAULT NULL,
  `tea_name` varchar(255) CHARACTER SET utf8mb4 COLLATE utf8mb4_0900_ai_ci NULL DEFAULT NULL,
  PRIMARY KEY (`id`) USING BTREE
) ENGINE = InnoDB AUTO_INCREMENT = 2 CHARACTER SET = utf8mb4 COLLATE = utf8mb4_0900_ai_ci ROW_FORMAT = Dynamic;

-- ----------------------------
-- Records of teacher
-- ----------------------------
INSERT INTO `teacher` VALUES (1, 8, '朱厚恩');
INSERT INTO `teacher` VALUES (2, 23, '罗佳');

-- ----------------------------
-- Table structure for topic_question
-- ----------------------------
DROP TABLE IF EXISTS `topic_question`;
CREATE TABLE `topic_question`  (
  `quest_id` bigint NOT NULL COMMENT 'id',
  `u_id` int NOT NULL COMMENT '发布者id',
  `question_title` varchar(20) CHARACTER SET utf8mb4 COLLATE utf8mb4_0900_ai_ci NULL DEFAULT NULL COMMENT '问题标题',
  `problem_main` varchar(20) CHARACTER SET utf8mb4 COLLATE utf8mb4_0900_ai_ci NOT NULL COMMENT '内容',
  `problem_time` timestamp(0) NOT NULL DEFAULT CURRENT_TIMESTAMP(0) ON UPDATE CURRENT_TIMESTAMP(0) COMMENT '发布时间',
  `is_question` tinyint NULL DEFAULT 0 COMMENT '是否为问题 0为问题',
  `photo` varchar(255) CHARACTER SET utf8mb4 COLLATE utf8mb4_0900_ai_ci NULL DEFAULT NULL COMMENT '图片',
  PRIMARY KEY (`quest_id`) USING BTREE,
  INDEX `u_id`(`u_id`) USING BTREE,
  CONSTRAINT `topic_question_ibfk_1` FOREIGN KEY (`u_id`) REFERENCES `t_user` (`id`) ON DELETE RESTRICT ON UPDATE RESTRICT
) ENGINE = InnoDB CHARACTER SET = utf8mb4 COLLATE = utf8mb4_0900_ai_ci ROW_FORMAT = Dynamic;

-- ----------------------------
-- Records of topic_question
-- ----------------------------
INSERT INTO `topic_question` VALUES (1, 9, '问题标题1', '问题内容1', '2022-11-21 17:21:42', 0, 'http://172.17.130.162:10010/api/cours/file/75ca9a40b78640aabf7b79ab3a3bed70.jpg');
INSERT INTO `topic_question` VALUES (2, 9, '这是问题2', '这是问题内容222', '2022-10-28 17:26:45', 0, NULL);
INSERT INTO `topic_question` VALUES (1585926922513350658, 9, '这是问题2', '这是问题内容222', '2022-10-28 17:30:18', 0, NULL);
INSERT INTO `topic_question` VALUES (1587366566689918978, 37, '这是问题三', '这是问题内容222', '2022-11-01 16:50:56', 0, NULL);
INSERT INTO `topic_question` VALUES (1587387485403639810, 37, '这是问题4', '这是问题内容222', '2022-11-01 18:14:03', 0, NULL);
INSERT INTO `topic_question` VALUES (1587399299009015809, 37, '这是问题4', '这是问题内容22223', '2022-11-01 19:01:00', 0, NULL);
INSERT INTO `topic_question` VALUES (1594601466052608002, 8, '这是问题5', '这是问题内容22223', '2022-11-21 15:59:50', 0, NULL);
INSERT INTO `topic_question` VALUES (1594602291726516225, 9, '张', '啊吧啊吧', '2022-11-21 16:03:07', 0, NULL);
INSERT INTO `topic_question` VALUES (1594603038182604802, 9, '22222', '2222222222', '2022-11-21 16:06:05', 0, NULL);
INSERT INTO `topic_question` VALUES (1594603160433983489, 9, '22233', '23333', '2022-11-21 16:06:34', 0, NULL);
INSERT INTO `topic_question` VALUES (1594603448955961345, 9, '1', '11', '2022-11-21 16:07:43', 0, NULL);
INSERT INTO `topic_question` VALUES (1594678630718517250, 9, 'test01', '2', '2022-11-21 21:06:27', 0, NULL);
INSERT INTO `topic_question` VALUES (1595234944809066497, 9, 'test07', 'test07', '2022-11-23 09:57:03', 0, NULL);
INSERT INTO `topic_question` VALUES (1595235034785275906, 9, 'test99', 'test88', '2022-11-23 09:57:24', 0, NULL);
INSERT INTO `topic_question` VALUES (1595238619065507842, 9, 'run', '123', '2022-11-23 10:11:39', 0, NULL);
INSERT INTO `topic_question` VALUES (1595238867699654658, 9, 'run', '123', '2022-11-23 10:12:38', 0, NULL);
INSERT INTO `topic_question` VALUES (1595239638944079874, 9, '早！！', '今天天气挺好！！', '2022-11-23 10:15:42', 0, NULL);
INSERT INTO `topic_question` VALUES (1596486621117739009, 8, '这是问题66', '这是问题内容22223', '2022-11-26 20:50:46', 0, NULL);
INSERT INTO `topic_question` VALUES (1597621855339065346, 9, 'hello', '你好啊', '2022-11-30 00:01:47', 0, NULL);
INSERT INTO `topic_question` VALUES (1597623546218196994, 9, '你有什么问题吗', '没有了', '2022-11-30 00:08:30', 0, NULL);

SET FOREIGN_KEY_CHECKS = 1;
